B2Wild	B2Wild-001	rep_0	0.2721
B2Wild	B2Wild-002	rep_0	0.2563
B2Wild	B2Wild-003	rep_0	0.2848
B2Wild	B2Wild-004	rep_0	0.2595
B2Wild	B2Wild-005	rep_0	0.2682
B2Wild	B2Wild-006	rep_0	0.2403
B2Wild	B2Wild-007	rep_0	0.2195
B2Wild	B2Wild-008	rep_0	0.2117
B2Wild	B2Wild-009	rep_0	0.2745
B2Wild	B2Wild-010	rep_0	0.2923
B2Wild	B2Wild-011	rep_0	0.2191
B2Wild	B2Wild-012	rep_0	0.2510
B2Wild	B2Wild-013	rep_0	0.2561
B2Wild	B2Wild-014	rep_0	0.3105
B2Wild	B2Wild-015	rep_0	0.2158
B2Wild	B2Wild-016	rep_0	0.2233
B2Wild	B2Wild-017	rep_0	0.2172
B2Wild	B2Wild-018	rep_0	0.2709
B2Wild	B2Wild-019	rep_0	0.2878
B2Wild	B2Wild-020	rep_0	0.2278
B3Wild	B3Wild-001	rep_0	0.1150
B3Wild	B3Wild-002	rep_0	0.0660
B3Wild	B3Wild-003	rep_0	0.1141
B3Wild	B3Wild-004	rep_0	0.1221
B3Wild	B3Wild-005	rep_0	0.0962
B3Wild	B3Wild-006	rep_0	0.1262
B3Wild	B3Wild-007	rep_0	0.1650
B3Wild	B3Wild-008	rep_0	0.1348
B3Wild	B3Wild-009	rep_0	0.0824
B3Wild	B3Wild-010	rep_0	0.1061
B3Wild	B3Wild-011	rep_0	0.0921
B3Wild	B3Wild-012	rep_0	0.1392
B3Wild	B3Wild-013	rep_0	0.1416
B3Wild	B3Wild-014	rep_0	0.0992
B3Wild	B3Wild-015	rep_0	0.1190
B3Wild	B3Wild-016	rep_0	0.1642
B3Wild	B3Wild-017	rep_0	0.1662
B3Wild	B3Wild-018	rep_0	0.1621
B3Wild	B3Wild-019	rep_0	0.1323
B3Wild	B3Wild-020	rep_0	0.1071
B4Wild	B4Wild-001	rep_0	0.0012
B4Wild	B4Wild-002	rep_0	0.0975
B4Wild	B4Wild-003	rep_0	0.0113
B4Wild	B4Wild-004	rep_0	0.0169
B4Wild	B4Wild-005	rep_0	0.0671
B4Wild	B4Wild-006	rep_0	0.0556
B4Wild	B4Wild-007	rep_0	0.0417
B4Wild	B4Wild-008	rep_0	0.0569
B4Wild	B4Wild-009	rep_0	0.0779
B4Wild	B4Wild-010	rep_0	0.0411
B4Wild	B4Wild-011	rep_0	0.0251
B4Wild	B4Wild-012	rep_0	0.0120
B4Wild	B4Wild-013	rep_0	0.0420
B4Wild	B4Wild-014	rep_0	0.0274
B4Wild	B4Wild-015	rep_0	0.0392
B4Wild	B4Wild-016	rep_0	0.0015
B4Wild	B4Wild-017	rep_0	0.0837
B4Wild	B4Wild-018	rep_0	0.0079
B4Wild	B4Wild-019	rep_0	0.0799
B4Wild	B4Wild-020	rep_0	0.1079
B5Wild	B5Wild-001	rep_0	0.0370
B5Wild	B5Wild-002	rep_0	0.0328
B5Wild	B5Wild-003	rep_0	0.0057
B5Wild	B5Wild-004	rep_0	0.0010
B5Wild	B5Wild-005	rep_0	0.0020
B5Wild	B5Wild-006	rep_0	0.0194
B5Wild	B5Wild-007	rep_0	0.0019
B5Wild	B5Wild-008	rep_0	0.0235
B5Wild	B5Wild-009	rep_0	0.0022
B5Wild	B5Wild-010	rep_0	0.0010
B5Wild	B5Wild-011	rep_0	0.0009
B5Wild	B5Wild-012	rep_0	0.0330
B5Wild	B5Wild-013	rep_0	0.0019
B5Wild	B5Wild-014	rep_0	0.0004
B5Wild	B5Wild-015	rep_0	0.0014
B5Wild	B5Wild-016	rep_0	0.0005
B5Wild	B5Wild-017	rep_0	0.0012
B5Wild	B5Wild-018	rep_0	0.0107
B5Wild	B5Wild-019	rep_0	0.0355
B5Wild	B5Wild-020	rep_0	0.0012
F1HYB	F1HYB-001	rep_0	0.5134
F1HYB	F1HYB-002	rep_0	0.4553
F1HYB	F1HYB-003	rep_0	0.4664
F1HYB	F1HYB-004	rep_0	0.4621
F1HYB	F1HYB-005	rep_0	0.5229
F1HYB	F1HYB-006	rep_0	0.5172
F1HYB	F1HYB-007	rep_0	0.5508
F1HYB	F1HYB-008	rep_0	0.4980
F1HYB	F1HYB-009	rep_0	0.5234
F1HYB	F1HYB-010	rep_0	0.4761
F1HYB	F1HYB-011	rep_0	0.5299
F1HYB	F1HYB-012	rep_0	0.4449
F1HYB	F1HYB-013	rep_0	0.4770
F1HYB	F1HYB-014	rep_0	0.5285
F1HYB	F1HYB-015	rep_0	0.5257
F1HYB	F1HYB-016	rep_0	0.4801
F1HYB	F1HYB-017	rep_0	0.5059
F1HYB	F1HYB-018	rep_0	0.5235
F1HYB	F1HYB-019	rep_0	0.4880
F1HYB	F1HYB-020	rep_0	0.5312
pop1-HH1013a	pop1-HH1013a-003	rep_0	0.0011
pop1-HH1013a	pop1-HH1013a-009	rep_0	0.0022
pop1-HH1013a	pop1-HH1013a-010	rep_0	0.0020
pop1-HH1013a	pop1-HH1013a-017	rep_0	0.0006
pop1-HH1013s	pop1-HH1013s-002	rep_0	0.0004
pop1-HH1013s	pop1-HH1013s-003	rep_0	0.0003
pop1-HH1013s	pop1-HH1013s-004	rep_0	0.0004
pop1-HH1013s	pop1-HH1013s-005	rep_0	0.0074
pop1-HH1013s	pop1-HH1013s-006	rep_0	0.0005
pop1-HH1013s	pop1-HH1013s-007	rep_0	0.0009
pop1-HH1013s	pop1-HH1013s-009	rep_0	0.0013
pop1-HH1013s	pop1-HH1013s-010	rep_0	0.0008
pop1-HH1013s	pop1-HH1013s-013	rep_0	0.0049
pop1-HH1013s	pop1-HH1013s-014	rep_0	0.0007
pop1-HH1013s	pop1-HH1013s-016	rep_0	0.0006
pop1-HH1013s	pop1-HH1013s-018	rep_0	0.0005
pop1-HH1013s	pop1-HH1013s-019	rep_0	0.0013
pop1-HH1013s	pop1-HH1013s-020	rep_0	0.0002
pop1-HH1013s	pop1-HH1013s-021	rep_0	0.0009
pop1-HH1013s	pop1-HH1013s-022	rep_0	0.0008
pop1-HH1013s	pop1-HH1013s-024	rep_0	0.0004
pop1-HH1013s	pop1-HH1013s-028	rep_0	0.0008
pop1-HH1013s	pop1-HH1013s-029	rep_0	0.0002
pop1-HH1013s	pop1-HH1013s-030	rep_0	0.0002
pop1-HH1013s	pop1-HH1013s-031	rep_0	0.0007
pop1-HH1013s	pop1-HH1013s-033	rep_0	0.0010
pop1-HRP22	pop1-HRP22-001	rep_0	0.0030
pop1-HRP22	pop1-HRP22-002	rep_0	0.0009
pop1-HRP22	pop1-HRP22-003	rep_0	0.0007
pop1-HRP22	pop1-HRP22-004	rep_0	0.0007
pop1-HRP22	pop1-HRP22-005	rep_0	0.0008
pop1-HRP22	pop1-HRP22-006	rep_0	0.0036
pop1-HRP22	pop1-HRP22-007	rep_0	0.0004
pop1-HRP22	pop1-HRP22-008	rep_0	0.0018
pop1-HRP22	pop1-HRP22-009	rep_0	0.0004
pop1-HRP22	pop1-HRP22-010	rep_0	0.0007
pop1-HRP22	pop1-HRP22-011	rep_0	0.0003
pop1-HRP22	pop1-HRP22-012	rep_0	0.0020
pop1-HRP22	pop1-HRP22-013	rep_0	0.0012
pop1-HRP22	pop1-HRP22-014	rep_0	0.0005
pop1-HRP22	pop1-HRP22-016	rep_0	0.0008
pop1-HRP22	pop1-HRP22-017	rep_0	0.0006
pop1-HRP22	pop1-HRP22-018	rep_0	0.0006
pop1-HRP22	pop1-HRP22-019	rep_0	0.0006
pop1-HRP22	pop1-HRP22-020	rep_0	0.0011
pop1-HRP22	pop1-HRP22-021	rep_0	0.0008
pop1-HRP22	pop1-HRP22-022	rep_0	0.0006
pop1-HRP22	pop1-HRP22-023	rep_0	0.0009
pop1-HRP22	pop1-HRP22-024	rep_0	0.0029
pop1-HRP22	pop1-HRP22-026	rep_0	0.0003
pop2-Cv5786	pop2-Cv5786-01	rep_0	0.7956
pop2-Cv5786	pop2-Cv5786-02	rep_0	0.9997
pop2-Cv5786	pop2-Cv5786-03	rep_0	0.8657
pop2-Cv5786	pop2-Cv5786-04	rep_0	0.9928
pop2-Cv5786	pop2-Cv5786-05	rep_0	0.9998
pop2-Cv5786	pop2-Cv5786-06	rep_0	0.9998
pop2-Cv5786	pop2-Cv5786-07	rep_0	0.7941
pop2-Cv5786	pop2-Cv5786-08	rep_0	0.8019
pop2-Cv5786	pop2-Cv5786-09	rep_0	0.9025
pop2-Cv5786	pop2-Cv5786-10	rep_0	0.9991
pop2-Cv5786	pop2-Cv5786-11	rep_0	0.9797
pop2-Cv5786	pop2-Cv5786-12	rep_0	0.9947
pop2-Cv5786	pop2-Cv5786-13	rep_0	0.9997
pop2-Cv5786	pop2-Cv5786-14	rep_0	0.9998
pop2-Cv5786	pop2-Cv5786-15	rep_0	0.8056
pop2-Cv5786	pop2-Cv5786-16	rep_0	0.9997
pop2-Cv5786	pop2-Cv5786-17	rep_0	0.7181
pop2-Cv5786	pop2-Cv5786-18	rep_0	0.9978
pop2-Cv5786	pop2-Cv5786-19	rep_0	0.9981
pop2-Cv5786	pop2-Cv5786-20	rep_0	0.9982
pop2-Cv5786	pop2-Cv5786-21	rep_0	0.8615
pop2-Cv5786	pop2-Cv5786-22	rep_0	0.9811
pop2-Cv5786	pop2-Cv5786-23	rep_0	0.8737
pop2-Cv5786	pop2-Cv5786-24	rep_0	0.9997
pop2-Cv5786	pop2-Cv5786-25	rep_0	0.9996
pop2-Cv5786	pop2-Cv5786-26	rep_0	0.9992
pop2-Cv5786	pop2-Cv5786-27	rep_0	0.9758
pop2-Cv5786	pop2-Cv5786-28	rep_0	0.9992
pop2-Cv5786	pop2-Cv5786-29	rep_0	0.9996
pop2-Cv5786	pop2-Cv5786-30	rep_0	0.9134
pop2-FI1012	pop2-FI1012-001	rep_0	0.9998
pop2-FI1012	pop2-FI1012-002	rep_0	0.9997
pop2-FI1012	pop2-FI1012-003	rep_0	0.9998
pop2-FI1012	pop2-FI1012-004	rep_0	0.9999
pop2-FI1012	pop2-FI1012-005	rep_0	0.9998
pop2-FI1012	pop2-FI1012-006	rep_0	0.9984
pop2-FI1012	pop2-FI1012-007	rep_0	0.9994
pop2-FI1012	pop2-FI1012-008	rep_0	0.9983
pop2-FI1012	pop2-FI1012-009	rep_0	0.9999
pop2-FI1012	pop2-FI1012-010	rep_0	0.9998
pop2-FI1012	pop2-FI1012-011	rep_0	0.9998
pop2-FI1012	pop2-FI1012-012	rep_0	0.9998
pop2-FI1012	pop2-FI1012-013	rep_0	0.9997
pop2-FI1012	pop2-FI1012-014	rep_0	0.9993
pop2-FI1012	pop2-FI1012-015	rep_0	0.9998
pop2-FI1012	pop2-FI1012-016	rep_0	0.9999
pop2-FI1012	pop2-FI1012-017	rep_0	0.9993
pop2-FI1012	pop2-FI1012-019	rep_0	0.9999
pop2-FI1012	pop2-FI1012-020	rep_0	0.9997
pop2-FI1012	pop2-FI1012-021	rep_0	0.9999
pop2-FIS1013a	pop2-FIS1013a-001	rep_0	0.9998
pop2-FIS1013a	pop2-FIS1013a-002	rep_0	0.9996
pop2-FIS1013a	pop2-FIS1013a-003	rep_0	0.9932
pop2-FIS1013a	pop2-FIS1013a-004	rep_0	0.9610
pop2-FIS1013a	pop2-FIS1013a-005	rep_0	0.9996
pop2-FIS1013a	pop2-FIS1013a-006	rep_0	0.9997
pop2-FIS1013a	pop2-FIS1013a-007	rep_0	0.9998
pop2-FIS1013a	pop2-FIS1013a-008	rep_0	0.9997
pop2-FIS1013a	pop2-FIS1013a-009	rep_0	0.9981
pop2-FIS1013a	pop2-FIS1013a-010	rep_0	0.9997
pop2-FIS1013a	pop2-FIS1013a-011	rep_0	0.9995
pop2-FIS1013a	pop2-FIS1013a-012	rep_0	0.9980
pop2-FIS1013a	pop2-FIS1013a-013	rep_0	0.9166
pop2-FIS1013a	pop2-FIS1013a-014	rep_0	0.9565
pop2-FIS1013a	pop2-FIS1013a-015	rep_0	0.9996
pop2-FIS1013a	pop2-FIS1013a-016	rep_0	0.9998
pop2-FIS1013a	pop2-FIS1013a-017	rep_0	0.9994
pop2-FIS1013a	pop2-FIS1013a-018	rep_0	0.9998
pop2-FIS1013a	pop2-FIS1013a-019	rep_0	0.9999
pop2-FIS1013a	pop2-FIS1013a-020	rep_0	0.9998
pop2-FIS1013a	pop2-FIS1013a-021	rep_0	0.8280
pop2-FIS1013a	pop2-FIS1013a-022	rep_0	0.9989
pop2-FIS1013a	pop2-FIS1013a-023	rep_0	0.9999
pop2-FIS1013a	pop2-FIS1013a-024	rep_0	0.9842
pop2-FIS1013a	pop2-FIS1013a-025	rep_0	0.9900
pop2-FIS1013a	pop2-FIS1013a-026	rep_0	0.9964
pop2-FIS1013a	pop2-FIS1013a-027	rep_0	0.9990
pop2-FIS1013a	pop2-FIS1013a-028	rep_0	0.9998
pop2-FIS1013a	pop2-FIS1013a-029	rep_0	0.9993
pop2-FIS1013a	pop2-FIS1013a-030	rep_0	0.9996
pop2-KRB16	pop2-KRB16-001	rep_0	0.9999
pop2-KRB16	pop2-KRB16-002	rep_0	0.9999
pop2-KRB16	pop2-KRB16-003	rep_0	0.9995
pop2-KRB16	pop2-KRB16-004	rep_0	0.9994
pop2-KRB16	pop2-KRB16-005	rep_0	0.9998
pop2-KRB16	pop2-KRB16-006	rep_0	0.9998
pop2-KRB16	pop2-KRB16-007	rep_0	0.9997
pop2-KRB16	pop2-KRB16-008	rep_0	0.9997
pop2-KRB16	pop2-KRB16-009	rep_0	0.9999
pop2-KRB16	pop2-KRB16-010	rep_0	0.9998
pop2-KRB16	pop2-KRB16-011	rep_0	0.9999
pop2-KRB16	pop2-KRB16-012	rep_0	0.9999
pop2-KRB16	pop2-KRB16-013	rep_0	0.9993
pop2-KRB16	pop2-KRB16-014	rep_0	0.9998
pop2-KRB16	pop2-KRB16-015	rep_0	0.9997
pop2-KRB16	pop2-KRB16-016	rep_0	0.9997
pop2-KRB16	pop2-KRB16-017	rep_0	0.9995
pop2-KRB16	pop2-KRB16-018	rep_0	0.9998
pop2-KRB16	pop2-KRB16-019	rep_0	0.9995
pop2-KRB16	pop2-KRB16-020	rep_0	0.9999
pop2-KRB16	pop2-KRB16-021	rep_0	0.9999
pop2-KRB16	pop2-KRB16-022	rep_0	0.9999
pop2-KRB16	pop2-KRB16-023	rep_0	0.9998
pop2-KRB16	pop2-KRB16-024	rep_0	0.9985
pop2-KRB16	pop2-KRB16-025	rep_0	0.9999
pop2-KRB16	pop2-KRB16-026	rep_0	0.9999
pop2-KRB16	pop2-KRB16-027	rep_0	0.9999
pop2-KRB16	pop2-KRB16-028	rep_0	0.9999
pop2-KRB16	pop2-KRB16-029	rep_0	0.9997
pop2-KRB16	pop2-KRB16-030	rep_0	0.9997
pop2-KRP13	pop2-KRP13-001	rep_0	0.9998
pop2-KRP13	pop2-KRP13-002	rep_0	0.9998
pop2-KRP13	pop2-KRP13-003	rep_0	0.9998
pop2-KRP13	pop2-KRP13-004	rep_0	0.9999
pop2-KRP13	pop2-KRP13-005	rep_0	0.9982
pop2-KRP13	pop2-KRP13-006	rep_0	0.9997
pop2-KRP13	pop2-KRP13-007	rep_0	0.9996
pop2-KRP13	pop2-KRP13-008	rep_0	0.9992
pop2-KRP13	pop2-KRP13-009	rep_0	0.9994
pop2-KRP13	pop2-KRP13-010	rep_0	0.9996
pop2-KRP13	pop2-KRP13-011	rep_0	0.9998
pop2-KRP13	pop2-KRP13-012	rep_0	0.9997
pop2-KRP13	pop2-KRP13-013	rep_0	0.9998
pop2-KRP13	pop2-KRP13-014	rep_0	0.9989
pop2-KRP13	pop2-KRP13-015	rep_0	0.9998
pop2-KRP13	pop2-KRP13-016	rep_0	0.9994
pop2-KRP13	pop2-KRP13-017	rep_0	0.9929
pop2-KRP13	pop2-KRP13-018	rep_0	0.9948
pop2-KRP13	pop2-KRP13-019	rep_0	0.9996
pop2-KRP13	pop2-KRP13-020	rep_0	0.9999
pop2-KRP13	pop2-KRP13-021	rep_0	0.9998
pop2-KRP13	pop2-KRP13-022	rep_0	0.9997
pop2-KRP13	pop2-KRP13-023	rep_0	0.9999
pop2-KRP13	pop2-KRP13-024	rep_0	0.9997
pop2-KRP13	pop2-KRP13-025	rep_0	0.9992
pop2-KRP13	pop2-KRP13-026	rep_0	0.9999
pop2-KRP13	pop2-KRP13-027	rep_0	0.9998
pop2-KRP13	pop2-KRP13-028	rep_0	0.9994
pop2-KRP13	pop2-KRP13-029	rep_0	0.9997
pop2-KRP13	pop2-KRP13-030	rep_0	0.9996
pop2-NEH1	pop2-NEH1-10	rep_0	0.9984
pop2-NEH1	pop2-NEH1-11	rep_0	0.9986
pop2-NEH1	pop2-NEH1-12	rep_0	0.9996
pop2-NEH1	pop2-NEH1-13	rep_0	0.7918
pop2-NEH1	pop2-NEH1-14	rep_0	0.8617
pop2-NEH1	pop2-NEH1-15	rep_0	0.9992
pop2-NEH1	pop2-NEH1-16	rep_0	0.9980
pop2-NEH1	pop2-NEH1-17	rep_0	0.9996
pop2-NEH1	pop2-NEH1-19	rep_0	0.8061
pop2-NEH1	pop2-NEH1-1	rep_0	0.9998
pop2-NEH1	pop2-NEH1-20	rep_0	0.8726
pop2-NEH1	pop2-NEH1-21	rep_0	0.8498
pop2-NEH1	pop2-NEH1-22	rep_0	0.8474
pop2-NEH1	pop2-NEH1-23	rep_0	0.7689
pop2-NEH1	pop2-NEH1-24	rep_0	0.9990
pop2-NEH1	pop2-NEH1-25	rep_0	0.8475
pop2-NEH1	pop2-NEH1-26	rep_0	0.8641
pop2-NEH1	pop2-NEH1-28	rep_0	0.9997
pop2-NEH1	pop2-NEH1-29	rep_0	0.9942
pop2-NEH1	pop2-NEH1-2	rep_0	0.9996
pop2-NEH1	pop2-NEH1-30	rep_0	0.8966
pop2-NEH1	pop2-NEH1-31	rep_0	0.9594
pop2-NEH1	pop2-NEH1-32	rep_0	0.9974
pop2-NEH1	pop2-NEH1-33	rep_0	0.8991
pop2-NEH1	pop2-NEH1-34	rep_0	0.9940
pop2-NEH1	pop2-NEH1-35	rep_0	0.8711
pop2-NEH1	pop2-NEH1-3	rep_0	0.7243
pop2-NEH1	pop2-NEH1-4	rep_0	0.9998
pop2-NEH1	pop2-NEH1-5	rep_0	0.9421
pop2-NEH1	pop2-NEH1-6	rep_0	0.9995
pop2-NEH1	pop2-NEH1-7	rep_0	0.9170
pop2-NEH1	pop2-NEH1-8	rep_0	0.9884
pop2-NEH2	pop2-NEH2-10	rep_0	0.9738
pop2-NEH2	pop2-NEH2-11	rep_0	0.9998
pop2-NEH2	pop2-NEH2-12	rep_0	0.9983
pop2-NEH2	pop2-NEH2-13	rep_0	0.9996
pop2-NEH2	pop2-NEH2-14	rep_0	0.9740
pop2-NEH2	pop2-NEH2-15	rep_0	0.9998
pop2-NEH2	pop2-NEH2-16	rep_0	0.9973
pop2-NEH2	pop2-NEH2-17	rep_0	0.9916
pop2-NEH2	pop2-NEH2-18	rep_0	0.9996
pop2-NEH2	pop2-NEH2-19	rep_0	0.9783
pop2-NEH2	pop2-NEH2-1	rep_0	0.9995
pop2-NEH2	pop2-NEH2-20	rep_0	0.7624
pop2-NEH2	pop2-NEH2-21	rep_0	0.9380
pop2-NEH2	pop2-NEH2-22	rep_0	0.9997
pop2-NEH2	pop2-NEH2-23	rep_0	0.9997
pop2-NEH2	pop2-NEH2-24	rep_0	0.9964
pop2-NEH2	pop2-NEH2-25	rep_0	0.9996
pop2-NEH2	pop2-NEH2-26	rep_0	0.9980
pop2-NEH2	pop2-NEH2-27	rep_0	0.9997
pop2-NEH2	pop2-NEH2-28	rep_0	0.9761
pop2-NEH2	pop2-NEH2-29	rep_0	0.9909
pop2-NEH2	pop2-NEH2-2	rep_0	0.9588
pop2-NEH2	pop2-NEH2-30	rep_0	0.9991
pop2-NEH2	pop2-NEH2-31	rep_0	0.9995
pop2-NEH2	pop2-NEH2-32	rep_0	0.9998
pop2-NEH2	pop2-NEH2-3	rep_0	0.9986
pop2-NEH2	pop2-NEH2-4	rep_0	0.9620
pop2-NEH2	pop2-NEH2-5	rep_0	0.9397
pop2-NEH2	pop2-NEH2-6	rep_0	0.9247
pop2-NEH2	pop2-NEH2-7	rep_0	0.9101
pop2-NEH2	pop2-NEH2-8	rep_0	0.9992
pop2-NEH2	pop2-NEH2-9	rep_0	0.9977
pop2-UMFS	pop2-UMFS-10	rep_0	0.7717
pop2-UMFS	pop2-UMFS-11	rep_0	0.6079
pop2-UMFS	pop2-UMFS-13	rep_0	0.9310
pop2-UMFS	pop2-UMFS-14	rep_0	0.8388
pop2-UMFS	pop2-UMFS-15	rep_0	0.8375
pop2-UMFS	pop2-UMFS-16	rep_0	0.8010
pop2-UMFS	pop2-UMFS-19	rep_0	0.8647
pop2-UMFS	pop2-UMFS-1	rep_0	0.8282
pop2-UMFS	pop2-UMFS-20	rep_0	0.5961
pop2-UMFS	pop2-UMFS-21	rep_0	0.8277
pop2-UMFS	pop2-UMFS-22	rep_0	0.6867
pop2-UMFS	pop2-UMFS-23	rep_0	0.7292
pop2-UMFS	pop2-UMFS-24	rep_0	0.6224
pop2-UMFS	pop2-UMFS-25	rep_0	0.8140
pop2-UMFS	pop2-UMFS-26	rep_0	0.6554
pop2-UMFS	pop2-UMFS-2	rep_0	0.6637
pop2-UMFS	pop2-UMFS-31	rep_0	0.6063
pop2-UMFS	pop2-UMFS-32	rep_0	0.7830
pop2-UMFS	pop2-UMFS-33	rep_0	0.8787
pop2-UMFS	pop2-UMFS-34	rep_0	0.6543
pop2-UMFS	pop2-UMFS-35	rep_0	0.8284
pop2-UMFS	pop2-UMFS-36	rep_0	0.9327
pop2-UMFS	pop2-UMFS-37	rep_0	0.9448
pop2-UMFS	pop2-UMFS-38	rep_0	0.7871
pop2-UMFS	pop2-UMFS-3	rep_0	0.9036
pop2-UMFS	pop2-UMFS-4	rep_0	0.8547
pop2-UMFS	pop2-UMFS-5	rep_0	0.7249
pop2-UMFS	pop2-UMFS-6	rep_0	0.7953
pop2-UMFS	pop2-UMFS-7	rep_0	0.8191
pop2-UMFS	pop2-UMFS-8	rep_0	0.7959
WildUnadmixed	WildUnadmixed-001	rep_0	0.0003
WildUnadmixed	WildUnadmixed-002	rep_0	0.0008
WildUnadmixed	WildUnadmixed-003	rep_0	0.0005
WildUnadmixed	WildUnadmixed-004	rep_0	0.0004
WildUnadmixed	WildUnadmixed-005	rep_0	0.0009
WildUnadmixed	WildUnadmixed-006	rep_0	0.0008
WildUnadmixed	WildUnadmixed-007	rep_0	0.0006
WildUnadmixed	WildUnadmixed-008	rep_0	0.0021
WildUnadmixed	WildUnadmixed-009	rep_0	0.0004
WildUnadmixed	WildUnadmixed-010	rep_0	0.0006
WildUnadmixed	WildUnadmixed-011	rep_0	0.0010
WildUnadmixed	WildUnadmixed-012	rep_0	0.0007
WildUnadmixed	WildUnadmixed-013	rep_0	0.0015
WildUnadmixed	WildUnadmixed-014	rep_0	0.0011
WildUnadmixed	WildUnadmixed-015	rep_0	0.0036
WildUnadmixed	WildUnadmixed-016	rep_0	0.0006
WildUnadmixed	WildUnadmixed-017	rep_0	0.0006
WildUnadmixed	WildUnadmixed-018	rep_0	0.0003
WildUnadmixed	WildUnadmixed-019	rep_0	0.0005
WildUnadmixed	WildUnadmixed-020	rep_0	0.0005
B2Wild	B2Wild-001	rep_1	0.2710
B2Wild	B2Wild-002	rep_1	0.2571
B2Wild	B2Wild-003	rep_1	0.2854
B2Wild	B2Wild-004	rep_1	0.2580
B2Wild	B2Wild-005	rep_1	0.2676
B2Wild	B2Wild-006	rep_1	0.2393
B2Wild	B2Wild-007	rep_1	0.2210
B2Wild	B2Wild-008	rep_1	0.2123
B2Wild	B2Wild-009	rep_1	0.2746
B2Wild	B2Wild-010	rep_1	0.2923
B2Wild	B2Wild-011	rep_1	0.2177
B2Wild	B2Wild-012	rep_1	0.2508
B2Wild	B2Wild-013	rep_1	0.2560
B2Wild	B2Wild-014	rep_1	0.3090
B2Wild	B2Wild-015	rep_1	0.2147
B2Wild	B2Wild-016	rep_1	0.2242
B2Wild	B2Wild-017	rep_1	0.2168
B2Wild	B2Wild-018	rep_1	0.2705
B2Wild	B2Wild-019	rep_1	0.2878
B2Wild	B2Wild-020	rep_1	0.2268
B3Wild	B3Wild-001	rep_1	0.1146
B3Wild	B3Wild-002	rep_1	0.0661
B3Wild	B3Wild-003	rep_1	0.1150
B3Wild	B3Wild-004	rep_1	0.1235
B3Wild	B3Wild-005	rep_1	0.0952
B3Wild	B3Wild-006	rep_1	0.1244
B3Wild	B3Wild-007	rep_1	0.1650
B3Wild	B3Wild-008	rep_1	0.1348
B3Wild	B3Wild-009	rep_1	0.0817
B3Wild	B3Wild-010	rep_1	0.1060
B3Wild	B3Wild-011	rep_1	0.0916
B3Wild	B3Wild-012	rep_1	0.1399
B3Wild	B3Wild-013	rep_1	0.1414
B3Wild	B3Wild-014	rep_1	0.0989
B3Wild	B3Wild-015	rep_1	0.1200
B3Wild	B3Wild-016	rep_1	0.1647
B3Wild	B3Wild-017	rep_1	0.1666
B3Wild	B3Wild-018	rep_1	0.1609
B3Wild	B3Wild-019	rep_1	0.1309
B3Wild	B3Wild-020	rep_1	0.1061
B4Wild	B4Wild-001	rep_1	0.0012
B4Wild	B4Wild-002	rep_1	0.0981
B4Wild	B4Wild-003	rep_1	0.0113
B4Wild	B4Wild-004	rep_1	0.0174
B4Wild	B4Wild-005	rep_1	0.0712
B4Wild	B4Wild-006	rep_1	0.0531
B4Wild	B4Wild-007	rep_1	0.0431
B4Wild	B4Wild-008	rep_1	0.0576
B4Wild	B4Wild-009	rep_1	0.0825
B4Wild	B4Wild-010	rep_1	0.0405
B4Wild	B4Wild-011	rep_1	0.0257
B4Wild	B4Wild-012	rep_1	0.0139
B4Wild	B4Wild-013	rep_1	0.0423
B4Wild	B4Wild-014	rep_1	0.0297
B4Wild	B4Wild-015	rep_1	0.0382
B4Wild	B4Wild-016	rep_1	0.0016
B4Wild	B4Wild-017	rep_1	0.0851
B4Wild	B4Wild-018	rep_1	0.0069
B4Wild	B4Wild-019	rep_1	0.0788
B4Wild	B4Wild-020	rep_1	0.1076
B5Wild	B5Wild-001	rep_1	0.0388
B5Wild	B5Wild-002	rep_1	0.0329
B5Wild	B5Wild-003	rep_1	0.0059
B5Wild	B5Wild-004	rep_1	0.0008
B5Wild	B5Wild-005	rep_1	0.0020
B5Wild	B5Wild-006	rep_1	0.0200
B5Wild	B5Wild-007	rep_1	0.0017
B5Wild	B5Wild-008	rep_1	0.0217
B5Wild	B5Wild-009	rep_1	0.0020
B5Wild	B5Wild-010	rep_1	0.0011
B5Wild	B5Wild-011	rep_1	0.0009
B5Wild	B5Wild-012	rep_1	0.0350
B5Wild	B5Wild-013	rep_1	0.0018
B5Wild	B5Wild-014	rep_1	0.0004
B5Wild	B5Wild-015	rep_1	0.0018
B5Wild	B5Wild-016	rep_1	0.0005
B5Wild	B5Wild-017	rep_1	0.0013
B5Wild	B5Wild-018	rep_1	0.0101
B5Wild	B5Wild-019	rep_1	0.0365
B5Wild	B5Wild-020	rep_1	0.0011
F1HYB	F1HYB-001	rep_1	0.5131
F1HYB	F1HYB-002	rep_1	0.4543
F1HYB	F1HYB-003	rep_1	0.4652
F1HYB	F1HYB-004	rep_1	0.4614
F1HYB	F1HYB-005	rep_1	0.5238
F1HYB	F1HYB-006	rep_1	0.5157
F1HYB	F1HYB-007	rep_1	0.5502
F1HYB	F1HYB-008	rep_1	0.4975
F1HYB	F1HYB-009	rep_1	0.5238
F1HYB	F1HYB-010	rep_1	0.4769
F1HYB	F1HYB-011	rep_1	0.5308
F1HYB	F1HYB-012	rep_1	0.4470
F1HYB	F1HYB-013	rep_1	0.4771
F1HYB	F1HYB-014	rep_1	0.5284
F1HYB	F1HYB-015	rep_1	0.5242
F1HYB	F1HYB-016	rep_1	0.4806
F1HYB	F1HYB-017	rep_1	0.5066
F1HYB	F1HYB-018	rep_1	0.5234
F1HYB	F1HYB-019	rep_1	0.4881
F1HYB	F1HYB-020	rep_1	0.5307
pop1-HH1013a	pop1-HH1013a-003	rep_1	0.0011
pop1-HH1013a	pop1-HH1013a-009	rep_1	0.0023
pop1-HH1013a	pop1-HH1013a-010	rep_1	0.0020
pop1-HH1013a	pop1-HH1013a-017	rep_1	0.0007
pop1-HH1013s	pop1-HH1013s-002	rep_1	0.0003
pop1-HH1013s	pop1-HH1013s-003	rep_1	0.0002
pop1-HH1013s	pop1-HH1013s-004	rep_1	0.0004
pop1-HH1013s	pop1-HH1013s-005	rep_1	0.0099
pop1-HH1013s	pop1-HH1013s-006	rep_1	0.0004
pop1-HH1013s	pop1-HH1013s-007	rep_1	0.0009
pop1-HH1013s	pop1-HH1013s-009	rep_1	0.0015
pop1-HH1013s	pop1-HH1013s-010	rep_1	0.0008
pop1-HH1013s	pop1-HH1013s-013	rep_1	0.0046
pop1-HH1013s	pop1-HH1013s-014	rep_1	0.0007
pop1-HH1013s	pop1-HH1013s-016	rep_1	0.0006
pop1-HH1013s	pop1-HH1013s-018	rep_1	0.0005
pop1-HH1013s	pop1-HH1013s-019	rep_1	0.0013
pop1-HH1013s	pop1-HH1013s-020	rep_1	0.0002
pop1-HH1013s	pop1-HH1013s-021	rep_1	0.0010
pop1-HH1013s	pop1-HH1013s-022	rep_1	0.0007
pop1-HH1013s	pop1-HH1013s-024	rep_1	0.0004
pop1-HH1013s	pop1-HH1013s-028	rep_1	0.0009
pop1-HH1013s	pop1-HH1013s-029	rep_1	0.0003
pop1-HH1013s	pop1-HH1013s-030	rep_1	0.0002
pop1-HH1013s	pop1-HH1013s-031	rep_1	0.0006
pop1-HH1013s	pop1-HH1013s-033	rep_1	0.0009
pop1-HRP22	pop1-HRP22-001	rep_1	0.0029
pop1-HRP22	pop1-HRP22-002	rep_1	0.0008
pop1-HRP22	pop1-HRP22-003	rep_1	0.0007
pop1-HRP22	pop1-HRP22-004	rep_1	0.0006
pop1-HRP22	pop1-HRP22-005	rep_1	0.0007
pop1-HRP22	pop1-HRP22-006	rep_1	0.0035
pop1-HRP22	pop1-HRP22-007	rep_1	0.0004
pop1-HRP22	pop1-HRP22-008	rep_1	0.0017
pop1-HRP22	pop1-HRP22-009	rep_1	0.0004
pop1-HRP22	pop1-HRP22-010	rep_1	0.0006
pop1-HRP22	pop1-HRP22-011	rep_1	0.0003
pop1-HRP22	pop1-HRP22-012	rep_1	0.0021
pop1-HRP22	pop1-HRP22-013	rep_1	0.0013
pop1-HRP22	pop1-HRP22-014	rep_1	0.0005
pop1-HRP22	pop1-HRP22-016	rep_1	0.0007
pop1-HRP22	pop1-HRP22-017	rep_1	0.0005
pop1-HRP22	pop1-HRP22-018	rep_1	0.0007
pop1-HRP22	pop1-HRP22-019	rep_1	0.0007
pop1-HRP22	pop1-HRP22-020	rep_1	0.0010
pop1-HRP22	pop1-HRP22-021	rep_1	0.0009
pop1-HRP22	pop1-HRP22-022	rep_1	0.0006
pop1-HRP22	pop1-HRP22-023	rep_1	0.0009
pop1-HRP22	pop1-HRP22-024	rep_1	0.0032
pop1-HRP22	pop1-HRP22-026	rep_1	0.0004
pop2-Cv5786	pop2-Cv5786-01	rep_1	0.7957
pop2-Cv5786	pop2-Cv5786-02	rep_1	0.9998
pop2-Cv5786	pop2-Cv5786-03	rep_1	0.8613
pop2-Cv5786	pop2-Cv5786-04	rep_1	0.9923
pop2-Cv5786	pop2-Cv5786-05	rep_1	0.9998
pop2-Cv5786	pop2-Cv5786-06	rep_1	0.9998
pop2-Cv5786	pop2-Cv5786-07	rep_1	0.7962
pop2-Cv5786	pop2-Cv5786-08	rep_1	0.8014
pop2-Cv5786	pop2-Cv5786-09	rep_1	0.9075
pop2-Cv5786	pop2-Cv5786-10	rep_1	0.9990
pop2-Cv5786	pop2-Cv5786-11	rep_1	0.9790
pop2-Cv5786	pop2-Cv5786-12	rep_1	0.9939
pop2-Cv5786	pop2-Cv5786-13	rep_1	0.9998
pop2-Cv5786	pop2-Cv5786-14	rep_1	0.9998
pop2-Cv5786	pop2-Cv5786-15	rep_1	0.8064
pop2-Cv5786	pop2-Cv5786-16	rep_1	0.9997
pop2-Cv5786	pop2-Cv5786-17	rep_1	0.7186
pop2-Cv5786	pop2-Cv5786-18	rep_1	0.9979
pop2-Cv5786	pop2-Cv5786-19	rep_1	0.9979
pop2-Cv5786	pop2-Cv5786-20	rep_1	0.9981
pop2-Cv5786	pop2-Cv5786-21	rep_1	0.8602
pop2-Cv5786	pop2-Cv5786-22	rep_1	0.9800
pop2-Cv5786	pop2-Cv5786-23	rep_1	0.8737
pop2-Cv5786	pop2-Cv5786-24	rep_1	0.9997
pop2-Cv5786	pop2-Cv5786-25	rep_1	0.9997
pop2-Cv5786	pop2-Cv5786-26	rep_1	0.9994
pop2-Cv5786	pop2-Cv5786-27	rep_1	0.9781
pop2-Cv5786	pop2-Cv5786-28	rep_1	0.9992
pop2-Cv5786	pop2-Cv5786-29	rep_1	0.9996
pop2-Cv5786	pop2-Cv5786-30	rep_1	0.9122
pop2-FI1012	pop2-FI1012-001	rep_1	0.9999
pop2-FI1012	pop2-FI1012-002	rep_1	0.9997
pop2-FI1012	pop2-FI1012-003	rep_1	0.9998
pop2-FI1012	pop2-FI1012-004	rep_1	0.9999
pop2-FI1012	pop2-FI1012-005	rep_1	0.9997
pop2-FI1012	pop2-FI1012-006	rep_1	0.9986
pop2-FI1012	pop2-FI1012-007	rep_1	0.9995
pop2-FI1012	pop2-FI1012-008	rep_1	0.9982
pop2-FI1012	pop2-FI1012-009	rep_1	0.9999
pop2-FI1012	pop2-FI1012-010	rep_1	0.9998
pop2-FI1012	pop2-FI1012-011	rep_1	0.9998
pop2-FI1012	pop2-FI1012-012	rep_1	0.9998
pop2-FI1012	pop2-FI1012-013	rep_1	0.9998
pop2-FI1012	pop2-FI1012-014	rep_1	0.9994
pop2-FI1012	pop2-FI1012-015	rep_1	0.9998
pop2-FI1012	pop2-FI1012-016	rep_1	0.9999
pop2-FI1012	pop2-FI1012-017	rep_1	0.9994
pop2-FI1012	pop2-FI1012-019	rep_1	0.9998
pop2-FI1012	pop2-FI1012-020	rep_1	0.9998
pop2-FI1012	pop2-FI1012-021	rep_1	0.9999
pop2-FIS1013a	pop2-FIS1013a-001	rep_1	0.9998
pop2-FIS1013a	pop2-FIS1013a-002	rep_1	0.9996
pop2-FIS1013a	pop2-FIS1013a-003	rep_1	0.9940
pop2-FIS1013a	pop2-FIS1013a-004	rep_1	0.9616
pop2-FIS1013a	pop2-FIS1013a-005	rep_1	0.9995
pop2-FIS1013a	pop2-FIS1013a-006	rep_1	0.9997
pop2-FIS1013a	pop2-FIS1013a-007	rep_1	0.9998
pop2-FIS1013a	pop2-FIS1013a-008	rep_1	0.9998
pop2-FIS1013a	pop2-FIS1013a-009	rep_1	0.9980
pop2-FIS1013a	pop2-FIS1013a-010	rep_1	0.9997
pop2-FIS1013a	pop2-FIS1013a-011	rep_1	0.9996
pop2-FIS1013a	pop2-FIS1013a-012	rep_1	0.9984
pop2-FIS1013a	pop2-FIS1013a-013	rep_1	0.9136
pop2-FIS1013a	pop2-FIS1013a-014	rep_1	0.9560
pop2-FIS1013a	pop2-FIS1013a-015	rep_1	0.9996
pop2-FIS1013a	pop2-FIS1013a-016	rep_1	0.9998
pop2-FIS1013a	pop2-FIS1013a-017	rep_1	0.9993
pop2-FIS1013a	pop2-FIS1013a-018	rep_1	0.9998
pop2-FIS1013a	pop2-FIS1013a-019	rep_1	0.9999
pop2-FIS1013a	pop2-FIS1013a-020	rep_1	0.9998
pop2-FIS1013a	pop2-FIS1013a-021	rep_1	0.8291
pop2-FIS1013a	pop2-FIS1013a-022	rep_1	0.9990
pop2-FIS1013a	pop2-FIS1013a-023	rep_1	0.9999
pop2-FIS1013a	pop2-FIS1013a-024	rep_1	0.9842
pop2-FIS1013a	pop2-FIS1013a-025	rep_1	0.9899
pop2-FIS1013a	pop2-FIS1013a-026	rep_1	0.9965
pop2-FIS1013a	pop2-FIS1013a-027	rep_1	0.9988
pop2-FIS1013a	pop2-FIS1013a-028	rep_1	0.9998
pop2-FIS1013a	pop2-FIS1013a-029	rep_1	0.9992
pop2-FIS1013a	pop2-FIS1013a-030	rep_1	0.9996
pop2-KRB16	pop2-KRB16-001	rep_1	0.9999
pop2-KRB16	pop2-KRB16-002	rep_1	0.9999
pop2-KRB16	pop2-KRB16-003	rep_1	0.9996
pop2-KRB16	pop2-KRB16-004	rep_1	0.9993
pop2-KRB16	pop2-KRB16-005	rep_1	0.9998
pop2-KRB16	pop2-KRB16-006	rep_1	0.9999
pop2-KRB16	pop2-KRB16-007	rep_1	0.9997
pop2-KRB16	pop2-KRB16-008	rep_1	0.9997
pop2-KRB16	pop2-KRB16-009	rep_1	0.9999
pop2-KRB16	pop2-KRB16-010	rep_1	0.9999
pop2-KRB16	pop2-KRB16-011	rep_1	0.9999
pop2-KRB16	pop2-KRB16-012	rep_1	0.9999
pop2-KRB16	pop2-KRB16-013	rep_1	0.9994
pop2-KRB16	pop2-KRB16-014	rep_1	0.9998
pop2-KRB16	pop2-KRB16-015	rep_1	0.9996
pop2-KRB16	pop2-KRB16-016	rep_1	0.9997
pop2-KRB16	pop2-KRB16-017	rep_1	0.9995
pop2-KRB16	pop2-KRB16-018	rep_1	0.9998
pop2-KRB16	pop2-KRB16-019	rep_1	0.9996
pop2-KRB16	pop2-KRB16-020	rep_1	0.9999
pop2-KRB16	pop2-KRB16-021	rep_1	0.9999
pop2-KRB16	pop2-KRB16-022	rep_1	0.9999
pop2-KRB16	pop2-KRB16-023	rep_1	0.9998
pop2-KRB16	pop2-KRB16-024	rep_1	0.9984
pop2-KRB16	pop2-KRB16-025	rep_1	0.9999
pop2-KRB16	pop2-KRB16-026	rep_1	0.9999
pop2-KRB16	pop2-KRB16-027	rep_1	0.9999
pop2-KRB16	pop2-KRB16-028	rep_1	0.9999
pop2-KRB16	pop2-KRB16-029	rep_1	0.9997
pop2-KRB16	pop2-KRB16-030	rep_1	0.9997
pop2-KRP13	pop2-KRP13-001	rep_1	0.9998
pop2-KRP13	pop2-KRP13-002	rep_1	0.9998
pop2-KRP13	pop2-KRP13-003	rep_1	0.9998
pop2-KRP13	pop2-KRP13-004	rep_1	0.9999
pop2-KRP13	pop2-KRP13-005	rep_1	0.9984
pop2-KRP13	pop2-KRP13-006	rep_1	0.9997
pop2-KRP13	pop2-KRP13-007	rep_1	0.9995
pop2-KRP13	pop2-KRP13-008	rep_1	0.9993
pop2-KRP13	pop2-KRP13-009	rep_1	0.9994
pop2-KRP13	pop2-KRP13-010	rep_1	0.9996
pop2-KRP13	pop2-KRP13-011	rep_1	0.9998
pop2-KRP13	pop2-KRP13-012	rep_1	0.9997
pop2-KRP13	pop2-KRP13-013	rep_1	0.9999
pop2-KRP13	pop2-KRP13-014	rep_1	0.9991
pop2-KRP13	pop2-KRP13-015	rep_1	0.9997
pop2-KRP13	pop2-KRP13-016	rep_1	0.9994
pop2-KRP13	pop2-KRP13-017	rep_1	0.9927
pop2-KRP13	pop2-KRP13-018	rep_1	0.9950
pop2-KRP13	pop2-KRP13-019	rep_1	0.9996
pop2-KRP13	pop2-KRP13-020	rep_1	0.9999
pop2-KRP13	pop2-KRP13-021	rep_1	0.9998
pop2-KRP13	pop2-KRP13-022	rep_1	0.9998
pop2-KRP13	pop2-KRP13-023	rep_1	0.9999
pop2-KRP13	pop2-KRP13-024	rep_1	0.9998
pop2-KRP13	pop2-KRP13-025	rep_1	0.9992
pop2-KRP13	pop2-KRP13-026	rep_1	0.9999
pop2-KRP13	pop2-KRP13-027	rep_1	0.9998
pop2-KRP13	pop2-KRP13-028	rep_1	0.9995
pop2-KRP13	pop2-KRP13-029	rep_1	0.9997
pop2-KRP13	pop2-KRP13-030	rep_1	0.9997
pop2-NEH1	pop2-NEH1-10	rep_1	0.9986
pop2-NEH1	pop2-NEH1-11	rep_1	0.9984
pop2-NEH1	pop2-NEH1-12	rep_1	0.9996
pop2-NEH1	pop2-NEH1-13	rep_1	0.7905
pop2-NEH1	pop2-NEH1-14	rep_1	0.8610
pop2-NEH1	pop2-NEH1-15	rep_1	0.9990
pop2-NEH1	pop2-NEH1-16	rep_1	0.9976
pop2-NEH1	pop2-NEH1-17	rep_1	0.9996
pop2-NEH1	pop2-NEH1-19	rep_1	0.8057
pop2-NEH1	pop2-NEH1-1	rep_1	0.9998
pop2-NEH1	pop2-NEH1-20	rep_1	0.8697
pop2-NEH1	pop2-NEH1-21	rep_1	0.8501
pop2-NEH1	pop2-NEH1-22	rep_1	0.8466
pop2-NEH1	pop2-NEH1-23	rep_1	0.7684
pop2-NEH1	pop2-NEH1-24	rep_1	0.9989
pop2-NEH1	pop2-NEH1-25	rep_1	0.8489
pop2-NEH1	pop2-NEH1-26	rep_1	0.8634
pop2-NEH1	pop2-NEH1-28	rep_1	0.9997
pop2-NEH1	pop2-NEH1-29	rep_1	0.9932
pop2-NEH1	pop2-NEH1-2	rep_1	0.9996
pop2-NEH1	pop2-NEH1-30	rep_1	0.8919
pop2-NEH1	pop2-NEH1-31	rep_1	0.9605
pop2-NEH1	pop2-NEH1-32	rep_1	0.9972
pop2-NEH1	pop2-NEH1-33	rep_1	0.9003
pop2-NEH1	pop2-NEH1-34	rep_1	0.9950
pop2-NEH1	pop2-NEH1-35	rep_1	0.8721
pop2-NEH1	pop2-NEH1-3	rep_1	0.7251
pop2-NEH1	pop2-NEH1-4	rep_1	0.9998
pop2-NEH1	pop2-NEH1-5	rep_1	0.9442
pop2-NEH1	pop2-NEH1-6	rep_1	0.9995
pop2-NEH1	pop2-NEH1-7	rep_1	0.9150
pop2-NEH1	pop2-NEH1-8	rep_1	0.9876
pop2-NEH2	pop2-NEH2-10	rep_1	0.9775
pop2-NEH2	pop2-NEH2-11	rep_1	0.9998
pop2-NEH2	pop2-NEH2-12	rep_1	0.9981
pop2-NEH2	pop2-NEH2-13	rep_1	0.9996
pop2-NEH2	pop2-NEH2-14	rep_1	0.9730
pop2-NEH2	pop2-NEH2-15	rep_1	0.9998
pop2-NEH2	pop2-NEH2-16	rep_1	0.9976
pop2-NEH2	pop2-NEH2-17	rep_1	0.9925
pop2-NEH2	pop2-NEH2-18	rep_1	0.9996
pop2-NEH2	pop2-NEH2-19	rep_1	0.9783
pop2-NEH2	pop2-NEH2-1	rep_1	0.9994
pop2-NEH2	pop2-NEH2-20	rep_1	0.7627
pop2-NEH2	pop2-NEH2-21	rep_1	0.9387
pop2-NEH2	pop2-NEH2-22	rep_1	0.9997
pop2-NEH2	pop2-NEH2-23	rep_1	0.9997
pop2-NEH2	pop2-NEH2-24	rep_1	0.9961
pop2-NEH2	pop2-NEH2-25	rep_1	0.9997
pop2-NEH2	pop2-NEH2-26	rep_1	0.9981
pop2-NEH2	pop2-NEH2-27	rep_1	0.9997
pop2-NEH2	pop2-NEH2-28	rep_1	0.9726
pop2-NEH2	pop2-NEH2-29	rep_1	0.9909
pop2-NEH2	pop2-NEH2-2	rep_1	0.9585
pop2-NEH2	pop2-NEH2-30	rep_1	0.9991
pop2-NEH2	pop2-NEH2-31	rep_1	0.9994
pop2-NEH2	pop2-NEH2-32	rep_1	0.9997
pop2-NEH2	pop2-NEH2-3	rep_1	0.9986
pop2-NEH2	pop2-NEH2-4	rep_1	0.9640
pop2-NEH2	pop2-NEH2-5	rep_1	0.9380
pop2-NEH2	pop2-NEH2-6	rep_1	0.9231
pop2-NEH2	pop2-NEH2-7	rep_1	0.9035
pop2-NEH2	pop2-NEH2-8	rep_1	0.9992
pop2-NEH2	pop2-NEH2-9	rep_1	0.9977
pop2-UMFS	pop2-UMFS-10	rep_1	0.7722
pop2-UMFS	pop2-UMFS-11	rep_1	0.6087
pop2-UMFS	pop2-UMFS-13	rep_1	0.9290
pop2-UMFS	pop2-UMFS-14	rep_1	0.8391
pop2-UMFS	pop2-UMFS-15	rep_1	0.8368
pop2-UMFS	pop2-UMFS-16	rep_1	0.7997
pop2-UMFS	pop2-UMFS-19	rep_1	0.8672
pop2-UMFS	pop2-UMFS-1	rep_1	0.8279
pop2-UMFS	pop2-UMFS-20	rep_1	0.5952
pop2-UMFS	pop2-UMFS-21	rep_1	0.8281
pop2-UMFS	pop2-UMFS-22	rep_1	0.6870
pop2-UMFS	pop2-UMFS-23	rep_1	0.7296
pop2-UMFS	pop2-UMFS-24	rep_1	0.6225
pop2-UMFS	pop2-UMFS-25	rep_1	0.8141
pop2-UMFS	pop2-UMFS-26	rep_1	0.6556
pop2-UMFS	pop2-UMFS-2	rep_1	0.6643
pop2-UMFS	pop2-UMFS-31	rep_1	0.6072
pop2-UMFS	pop2-UMFS-32	rep_1	0.7832
pop2-UMFS	pop2-UMFS-33	rep_1	0.8759
pop2-UMFS	pop2-UMFS-34	rep_1	0.6526
pop2-UMFS	pop2-UMFS-35	rep_1	0.8287
pop2-UMFS	pop2-UMFS-36	rep_1	0.9249
pop2-UMFS	pop2-UMFS-37	rep_1	0.9397
pop2-UMFS	pop2-UMFS-38	rep_1	0.7877
pop2-UMFS	pop2-UMFS-3	rep_1	0.9030
pop2-UMFS	pop2-UMFS-4	rep_1	0.8546
pop2-UMFS	pop2-UMFS-5	rep_1	0.7244
pop2-UMFS	pop2-UMFS-6	rep_1	0.7961
pop2-UMFS	pop2-UMFS-7	rep_1	0.8200
pop2-UMFS	pop2-UMFS-8	rep_1	0.7958
WildUnadmixed	WildUnadmixed-001	rep_1	0.0002
WildUnadmixed	WildUnadmixed-002	rep_1	0.0007
WildUnadmixed	WildUnadmixed-003	rep_1	0.0005
WildUnadmixed	WildUnadmixed-004	rep_1	0.0004
WildUnadmixed	WildUnadmixed-005	rep_1	0.0010
WildUnadmixed	WildUnadmixed-006	rep_1	0.0008
WildUnadmixed	WildUnadmixed-007	rep_1	0.0007
WildUnadmixed	WildUnadmixed-008	rep_1	0.0024
WildUnadmixed	WildUnadmixed-009	rep_1	0.0004
WildUnadmixed	WildUnadmixed-010	rep_1	0.0007
WildUnadmixed	WildUnadmixed-011	rep_1	0.0009
WildUnadmixed	WildUnadmixed-012	rep_1	0.0007
WildUnadmixed	WildUnadmixed-013	rep_1	0.0013
WildUnadmixed	WildUnadmixed-014	rep_1	0.0012
WildUnadmixed	WildUnadmixed-015	rep_1	0.0036
WildUnadmixed	WildUnadmixed-016	rep_1	0.0007
WildUnadmixed	WildUnadmixed-017	rep_1	0.0006
WildUnadmixed	WildUnadmixed-018	rep_1	0.0003
WildUnadmixed	WildUnadmixed-019	rep_1	0.0005
WildUnadmixed	WildUnadmixed-020	rep_1	0.0004
B2Wild	B2Wild-001	rep_2	0.2715
B2Wild	B2Wild-002	rep_2	0.2569
B2Wild	B2Wild-003	rep_2	0.2848
B2Wild	B2Wild-004	rep_2	0.2592
B2Wild	B2Wild-005	rep_2	0.2688
B2Wild	B2Wild-006	rep_2	0.2405
B2Wild	B2Wild-007	rep_2	0.2198
B2Wild	B2Wild-008	rep_2	0.2111
B2Wild	B2Wild-009	rep_2	0.2742
B2Wild	B2Wild-010	rep_2	0.2931
B2Wild	B2Wild-011	rep_2	0.2181
B2Wild	B2Wild-012	rep_2	0.2501
B2Wild	B2Wild-013	rep_2	0.2559
B2Wild	B2Wild-014	rep_2	0.3097
B2Wild	B2Wild-015	rep_2	0.2163
B2Wild	B2Wild-016	rep_2	0.2245
B2Wild	B2Wild-017	rep_2	0.2171
B2Wild	B2Wild-018	rep_2	0.2707
B2Wild	B2Wild-019	rep_2	0.2884
B2Wild	B2Wild-020	rep_2	0.2275
B3Wild	B3Wild-001	rep_2	0.1149
B3Wild	B3Wild-002	rep_2	0.0673
B3Wild	B3Wild-003	rep_2	0.1145
B3Wild	B3Wild-004	rep_2	0.1223
B3Wild	B3Wild-005	rep_2	0.0963
B3Wild	B3Wild-006	rep_2	0.1249
B3Wild	B3Wild-007	rep_2	0.1658
B3Wild	B3Wild-008	rep_2	0.1357
B3Wild	B3Wild-009	rep_2	0.0835
B3Wild	B3Wild-010	rep_2	0.1070
B3Wild	B3Wild-011	rep_2	0.0918
B3Wild	B3Wild-012	rep_2	0.1391
B3Wild	B3Wild-013	rep_2	0.1412
B3Wild	B3Wild-014	rep_2	0.0979
B3Wild	B3Wild-015	rep_2	0.1194
B3Wild	B3Wild-016	rep_2	0.1635
B3Wild	B3Wild-017	rep_2	0.1665
B3Wild	B3Wild-018	rep_2	0.1619
B3Wild	B3Wild-019	rep_2	0.1314
B3Wild	B3Wild-020	rep_2	0.1055
B4Wild	B4Wild-001	rep_2	0.0011
B4Wild	B4Wild-002	rep_2	0.0971
B4Wild	B4Wild-003	rep_2	0.0115
B4Wild	B4Wild-004	rep_2	0.0177
B4Wild	B4Wild-005	rep_2	0.0672
B4Wild	B4Wild-006	rep_2	0.0560
B4Wild	B4Wild-007	rep_2	0.0456
B4Wild	B4Wild-008	rep_2	0.0575
B4Wild	B4Wild-009	rep_2	0.0796
B4Wild	B4Wild-010	rep_2	0.0391
B4Wild	B4Wild-011	rep_2	0.0247
B4Wild	B4Wild-012	rep_2	0.0128
B4Wild	B4Wild-013	rep_2	0.0427
B4Wild	B4Wild-014	rep_2	0.0290
B4Wild	B4Wild-015	rep_2	0.0390
B4Wild	B4Wild-016	rep_2	0.0016
B4Wild	B4Wild-017	rep_2	0.0868
B4Wild	B4Wild-018	rep_2	0.0071
B4Wild	B4Wild-019	rep_2	0.0798
B4Wild	B4Wild-020	rep_2	0.1090
B5Wild	B5Wild-001	rep_2	0.0372
B5Wild	B5Wild-002	rep_2	0.0337
B5Wild	B5Wild-003	rep_2	0.0066
B5Wild	B5Wild-004	rep_2	0.0008
B5Wild	B5Wild-005	rep_2	0.0021
B5Wild	B5Wild-006	rep_2	0.0188
B5Wild	B5Wild-007	rep_2	0.0019
B5Wild	B5Wild-008	rep_2	0.0241
B5Wild	B5Wild-009	rep_2	0.0022
B5Wild	B5Wild-010	rep_2	0.0012
B5Wild	B5Wild-011	rep_2	0.0008
B5Wild	B5Wild-012	rep_2	0.0363
B5Wild	B5Wild-013	rep_2	0.0019
B5Wild	B5Wild-014	rep_2	0.0004
B5Wild	B5Wild-015	rep_2	0.0014
B5Wild	B5Wild-016	rep_2	0.0005
B5Wild	B5Wild-017	rep_2	0.0012
B5Wild	B5Wild-018	rep_2	0.0105
B5Wild	B5Wild-019	rep_2	0.0354
B5Wild	B5Wild-020	rep_2	0.0011
F1HYB	F1HYB-001	rep_2	0.5125
F1HYB	F1HYB-002	rep_2	0.4554
F1HYB	F1HYB-003	rep_2	0.4660
F1HYB	F1HYB-004	rep_2	0.4617
F1HYB	F1HYB-005	rep_2	0.5241
F1HYB	F1HYB-006	rep_2	0.5161
F1HYB	F1HYB-007	rep_2	0.5503
F1HYB	F1HYB-008	rep_2	0.4972
F1HYB	F1HYB-009	rep_2	0.5241
F1HYB	F1HYB-010	rep_2	0.4767
F1HYB	F1HYB-011	rep_2	0.5293
F1HYB	F1HYB-012	rep_2	0.4467
F1HYB	F1HYB-013	rep_2	0.4786
F1HYB	F1HYB-014	rep_2	0.5278
F1HYB	F1HYB-015	rep_2	0.5248
F1HYB	F1HYB-016	rep_2	0.4803
F1HYB	F1HYB-017	rep_2	0.5070
F1HYB	F1HYB-018	rep_2	0.5233
F1HYB	F1HYB-019	rep_2	0.4878
F1HYB	F1HYB-020	rep_2	0.5314
pop1-HH1013a	pop1-HH1013a-003	rep_2	0.0013
pop1-HH1013a	pop1-HH1013a-009	rep_2	0.0024
pop1-HH1013a	pop1-HH1013a-010	rep_2	0.0019
pop1-HH1013a	pop1-HH1013a-017	rep_2	0.0006
pop1-HH1013s	pop1-HH1013s-002	rep_2	0.0003
pop1-HH1013s	pop1-HH1013s-003	rep_2	0.0003
pop1-HH1013s	pop1-HH1013s-004	rep_2	0.0003
pop1-HH1013s	pop1-HH1013s-005	rep_2	0.0091
pop1-HH1013s	pop1-HH1013s-006	rep_2	0.0004
pop1-HH1013s	pop1-HH1013s-007	rep_2	0.0010
pop1-HH1013s	pop1-HH1013s-009	rep_2	0.0015
pop1-HH1013s	pop1-HH1013s-010	rep_2	0.0008
pop1-HH1013s	pop1-HH1013s-013	rep_2	0.0046
pop1-HH1013s	pop1-HH1013s-014	rep_2	0.0005
pop1-HH1013s	pop1-HH1013s-016	rep_2	0.0006
pop1-HH1013s	pop1-HH1013s-018	rep_2	0.0004
pop1-HH1013s	pop1-HH1013s-019	rep_2	0.0012
pop1-HH1013s	pop1-HH1013s-020	rep_2	0.0003
pop1-HH1013s	pop1-HH1013s-021	rep_2	0.0009
pop1-HH1013s	pop1-HH1013s-022	rep_2	0.0007
pop1-HH1013s	pop1-HH1013s-024	rep_2	0.0004
pop1-HH1013s	pop1-HH1013s-028	rep_2	0.0007
pop1-HH1013s	pop1-HH1013s-029	rep_2	0.0003
pop1-HH1013s	pop1-HH1013s-030	rep_2	0.0003
pop1-HH1013s	pop1-HH1013s-031	rep_2	0.0006
pop1-HH1013s	pop1-HH1013s-033	rep_2	0.0011
pop1-HRP22	pop1-HRP22-001	rep_2	0.0027
pop1-HRP22	pop1-HRP22-002	rep_2	0.0009
pop1-HRP22	pop1-HRP22-003	rep_2	0.0007
pop1-HRP22	pop1-HRP22-004	rep_2	0.0006
pop1-HRP22	pop1-HRP22-005	rep_2	0.0006
pop1-HRP22	pop1-HRP22-006	rep_2	0.0035
pop1-HRP22	pop1-HRP22-007	rep_2	0.0005
pop1-HRP22	pop1-HRP22-008	rep_2	0.0016
pop1-HRP22	pop1-HRP22-009	rep_2	0.0004
pop1-HRP22	pop1-HRP22-010	rep_2	0.0007
pop1-HRP22	pop1-HRP22-011	rep_2	0.0003
pop1-HRP22	pop1-HRP22-012	rep_2	0.0023
pop1-HRP22	pop1-HRP22-013	rep_2	0.0014
pop1-HRP22	pop1-HRP22-014	rep_2	0.0006
pop1-HRP22	pop1-HRP22-016	rep_2	0.0008
pop1-HRP22	pop1-HRP22-017	rep_2	0.0005
pop1-HRP22	pop1-HRP22-018	rep_2	0.0007
pop1-HRP22	pop1-HRP22-019	rep_2	0.0006
pop1-HRP22	pop1-HRP22-020	rep_2	0.0010
pop1-HRP22	pop1-HRP22-021	rep_2	0.0008
pop1-HRP22	pop1-HRP22-022	rep_2	0.0007
pop1-HRP22	pop1-HRP22-023	rep_2	0.0008
pop1-HRP22	pop1-HRP22-024	rep_2	0.0028
pop1-HRP22	pop1-HRP22-026	rep_2	0.0004
pop2-Cv5786	pop2-Cv5786-01	rep_2	0.7962
pop2-Cv5786	pop2-Cv5786-02	rep_2	0.9997
pop2-Cv5786	pop2-Cv5786-03	rep_2	0.8644
pop2-Cv5786	pop2-Cv5786-04	rep_2	0.9930
pop2-Cv5786	pop2-Cv5786-05	rep_2	0.9998
pop2-Cv5786	pop2-Cv5786-06	rep_2	0.9998
pop2-Cv5786	pop2-Cv5786-07	rep_2	0.7951
pop2-Cv5786	pop2-Cv5786-08	rep_2	0.8012
pop2-Cv5786	pop2-Cv5786-09	rep_2	0.9060
pop2-Cv5786	pop2-Cv5786-10	rep_2	0.9991
pop2-Cv5786	pop2-Cv5786-11	rep_2	0.9806
pop2-Cv5786	pop2-Cv5786-12	rep_2	0.9942
pop2-Cv5786	pop2-Cv5786-13	rep_2	0.9998
pop2-Cv5786	pop2-Cv5786-14	rep_2	0.9998
pop2-Cv5786	pop2-Cv5786-15	rep_2	0.8052
pop2-Cv5786	pop2-Cv5786-16	rep_2	0.9997
pop2-Cv5786	pop2-Cv5786-17	rep_2	0.7183
pop2-Cv5786	pop2-Cv5786-18	rep_2	0.9978
pop2-Cv5786	pop2-Cv5786-19	rep_2	0.9979
pop2-Cv5786	pop2-Cv5786-20	rep_2	0.9982
pop2-Cv5786	pop2-Cv5786-21	rep_2	0.8601
pop2-Cv5786	pop2-Cv5786-22	rep_2	0.9815
pop2-Cv5786	pop2-Cv5786-23	rep_2	0.8726
pop2-Cv5786	pop2-Cv5786-24	rep_2	0.9997
pop2-Cv5786	pop2-Cv5786-25	rep_2	0.9997
pop2-Cv5786	pop2-Cv5786-26	rep_2	0.9992
pop2-Cv5786	pop2-Cv5786-27	rep_2	0.9767
pop2-Cv5786	pop2-Cv5786-28	rep_2	0.9992
pop2-Cv5786	pop2-Cv5786-29	rep_2	0.9996
pop2-Cv5786	pop2-Cv5786-30	rep_2	0.9105
pop2-FI1012	pop2-FI1012-001	rep_2	0.9998
pop2-FI1012	pop2-FI1012-002	rep_2	0.9997
pop2-FI1012	pop2-FI1012-003	rep_2	0.9997
pop2-FI1012	pop2-FI1012-004	rep_2	0.9999
pop2-FI1012	pop2-FI1012-005	rep_2	0.9997
pop2-FI1012	pop2-FI1012-006	rep_2	0.9984
pop2-FI1012	pop2-FI1012-007	rep_2	0.9994
pop2-FI1012	pop2-FI1012-008	rep_2	0.9982
pop2-FI1012	pop2-FI1012-009	rep_2	0.9999
pop2-FI1012	pop2-FI1012-010	rep_2	0.9998
pop2-FI1012	pop2-FI1012-011	rep_2	0.9998
pop2-FI1012	pop2-FI1012-012	rep_2	0.9998
pop2-FI1012	pop2-FI1012-013	rep_2	0.9997
pop2-FI1012	pop2-FI1012-014	rep_2	0.9994
pop2-FI1012	pop2-FI1012-015	rep_2	0.9998
pop2-FI1012	pop2-FI1012-016	rep_2	0.9999
pop2-FI1012	pop2-FI1012-017	rep_2	0.9994
pop2-FI1012	pop2-FI1012-019	rep_2	0.9999
pop2-FI1012	pop2-FI1012-020	rep_2	0.9998
pop2-FI1012	pop2-FI1012-021	rep_2	0.9999
pop2-FIS1013a	pop2-FIS1013a-001	rep_2	0.9998
pop2-FIS1013a	pop2-FIS1013a-002	rep_2	0.9995
pop2-FIS1013a	pop2-FIS1013a-003	rep_2	0.9934
pop2-FIS1013a	pop2-FIS1013a-004	rep_2	0.9597
pop2-FIS1013a	pop2-FIS1013a-005	rep_2	0.9996
pop2-FIS1013a	pop2-FIS1013a-006	rep_2	0.9997
pop2-FIS1013a	pop2-FIS1013a-007	rep_2	0.9998
pop2-FIS1013a	pop2-FIS1013a-008	rep_2	0.9997
pop2-FIS1013a	pop2-FIS1013a-009	rep_2	0.9978
pop2-FIS1013a	pop2-FIS1013a-010	rep_2	0.9997
pop2-FIS1013a	pop2-FIS1013a-011	rep_2	0.9995
pop2-FIS1013a	pop2-FIS1013a-012	rep_2	0.9982
pop2-FIS1013a	pop2-FIS1013a-013	rep_2	0.9118
pop2-FIS1013a	pop2-FIS1013a-014	rep_2	0.9580
pop2-FIS1013a	pop2-FIS1013a-015	rep_2	0.9995
pop2-FIS1013a	pop2-FIS1013a-016	rep_2	0.9998
pop2-FIS1013a	pop2-FIS1013a-017	rep_2	0.9993
pop2-FIS1013a	pop2-FIS1013a-018	rep_2	0.9998
pop2-FIS1013a	pop2-FIS1013a-019	rep_2	0.9999
pop2-FIS1013a	pop2-FIS1013a-020	rep_2	0.9998
pop2-FIS1013a	pop2-FIS1013a-021	rep_2	0.8280
pop2-FIS1013a	pop2-FIS1013a-022	rep_2	0.9990
pop2-FIS1013a	pop2-FIS1013a-023	rep_2	0.9999
pop2-FIS1013a	pop2-FIS1013a-024	rep_2	0.9844
pop2-FIS1013a	pop2-FIS1013a-025	rep_2	0.9912
pop2-FIS1013a	pop2-FIS1013a-026	rep_2	0.9964
pop2-FIS1013a	pop2-FIS1013a-027	rep_2	0.9988
pop2-FIS1013a	pop2-FIS1013a-028	rep_2	0.9998
pop2-FIS1013a	pop2-FIS1013a-029	rep_2	0.9994
pop2-FIS1013a	pop2-FIS1013a-030	rep_2	0.9995
pop2-KRB16	pop2-KRB16-001	rep_2	0.9998
pop2-KRB16	pop2-KRB16-002	rep_2	0.9999
pop2-KRB16	pop2-KRB16-003	rep_2	0.9995
pop2-KRB16	pop2-KRB16-004	rep_2	0.9992
pop2-KRB16	pop2-KRB16-005	rep_2	0.9998
pop2-KRB16	pop2-KRB16-006	rep_2	0.9999
pop2-KRB16	pop2-KRB16-007	rep_2	0.9997
pop2-KRB16	pop2-KRB16-008	rep_2	0.9997
pop2-KRB16	pop2-KRB16-009	rep_2	0.9999
pop2-KRB16	pop2-KRB16-010	rep_2	0.9999
pop2-KRB16	pop2-KRB16-011	rep_2	0.9999
pop2-KRB16	pop2-KRB16-012	rep_2	0.9999
pop2-KRB16	pop2-KRB16-013	rep_2	0.9994
pop2-KRB16	pop2-KRB16-014	rep_2	0.9998
pop2-KRB16	pop2-KRB16-015	rep_2	0.9996
pop2-KRB16	pop2-KRB16-016	rep_2	0.9997
pop2-KRB16	pop2-KRB16-017	rep_2	0.9995
pop2-KRB16	pop2-KRB16-018	rep_2	0.9998
pop2-KRB16	pop2-KRB16-019	rep_2	0.9996
pop2-KRB16	pop2-KRB16-020	rep_2	0.9999
pop2-KRB16	pop2-KRB16-021	rep_2	0.9999
pop2-KRB16	pop2-KRB16-022	rep_2	0.9999
pop2-KRB16	pop2-KRB16-023	rep_2	0.9998
pop2-KRB16	pop2-KRB16-024	rep_2	0.9983
pop2-KRB16	pop2-KRB16-025	rep_2	0.9999
pop2-KRB16	pop2-KRB16-026	rep_2	0.9999
pop2-KRB16	pop2-KRB16-027	rep_2	0.9999
pop2-KRB16	pop2-KRB16-028	rep_2	0.9999
pop2-KRB16	pop2-KRB16-029	rep_2	0.9997
pop2-KRB16	pop2-KRB16-030	rep_2	0.9997
pop2-KRP13	pop2-KRP13-001	rep_2	0.9998
pop2-KRP13	pop2-KRP13-002	rep_2	0.9998
pop2-KRP13	pop2-KRP13-003	rep_2	0.9997
pop2-KRP13	pop2-KRP13-004	rep_2	0.9999
pop2-KRP13	pop2-KRP13-005	rep_2	0.9985
pop2-KRP13	pop2-KRP13-006	rep_2	0.9997
pop2-KRP13	pop2-KRP13-007	rep_2	0.9996
pop2-KRP13	pop2-KRP13-008	rep_2	0.9992
pop2-KRP13	pop2-KRP13-009	rep_2	0.9994
pop2-KRP13	pop2-KRP13-010	rep_2	0.9996
pop2-KRP13	pop2-KRP13-011	rep_2	0.9998
pop2-KRP13	pop2-KRP13-012	rep_2	0.9997
pop2-KRP13	pop2-KRP13-013	rep_2	0.9999
pop2-KRP13	pop2-KRP13-014	rep_2	0.9990
pop2-KRP13	pop2-KRP13-015	rep_2	0.9998
pop2-KRP13	pop2-KRP13-016	rep_2	0.9995
pop2-KRP13	pop2-KRP13-017	rep_2	0.9923
pop2-KRP13	pop2-KRP13-018	rep_2	0.9947
pop2-KRP13	pop2-KRP13-019	rep_2	0.9996
pop2-KRP13	pop2-KRP13-020	rep_2	0.9999
pop2-KRP13	pop2-KRP13-021	rep_2	0.9998
pop2-KRP13	pop2-KRP13-022	rep_2	0.9998
pop2-KRP13	pop2-KRP13-023	rep_2	0.9999
pop2-KRP13	pop2-KRP13-024	rep_2	0.9997
pop2-KRP13	pop2-KRP13-025	rep_2	0.9992
pop2-KRP13	pop2-KRP13-026	rep_2	0.9999
pop2-KRP13	pop2-KRP13-027	rep_2	0.9998
pop2-KRP13	pop2-KRP13-028	rep_2	0.9995
pop2-KRP13	pop2-KRP13-029	rep_2	0.9997
pop2-KRP13	pop2-KRP13-030	rep_2	0.9997
pop2-NEH1	pop2-NEH1-10	rep_2	0.9984
pop2-NEH1	pop2-NEH1-11	rep_2	0.9986
pop2-NEH1	pop2-NEH1-12	rep_2	0.9996
pop2-NEH1	pop2-NEH1-13	rep_2	0.7905
pop2-NEH1	pop2-NEH1-14	rep_2	0.8599
pop2-NEH1	pop2-NEH1-15	rep_2	0.9991
pop2-NEH1	pop2-NEH1-16	rep_2	0.9977
pop2-NEH1	pop2-NEH1-17	rep_2	0.9995
pop2-NEH1	pop2-NEH1-19	rep_2	0.8065
pop2-NEH1	pop2-NEH1-1	rep_2	0.9998
pop2-NEH1	pop2-NEH1-20	rep_2	0.8693
pop2-NEH1	pop2-NEH1-21	rep_2	0.8505
pop2-NEH1	pop2-NEH1-22	rep_2	0.8460
pop2-NEH1	pop2-NEH1-23	rep_2	0.7680
pop2-NEH1	pop2-NEH1-24	rep_2	0.9988
pop2-NEH1	pop2-NEH1-25	rep_2	0.8467
pop2-NEH1	pop2-NEH1-26	rep_2	0.8628
pop2-NEH1	pop2-NEH1-28	rep_2	0.9997
pop2-NEH1	pop2-NEH1-29	rep_2	0.9942
pop2-NEH1	pop2-NEH1-2	rep_2	0.9996
pop2-NEH1	pop2-NEH1-30	rep_2	0.8943
pop2-NEH1	pop2-NEH1-31	rep_2	0.9617
pop2-NEH1	pop2-NEH1-32	rep_2	0.9974
pop2-NEH1	pop2-NEH1-33	rep_2	0.9008
pop2-NEH1	pop2-NEH1-34	rep_2	0.9947
pop2-NEH1	pop2-NEH1-35	rep_2	0.8738
pop2-NEH1	pop2-NEH1-3	rep_2	0.7250
pop2-NEH1	pop2-NEH1-4	rep_2	0.9998
pop2-NEH1	pop2-NEH1-5	rep_2	0.9411
pop2-NEH1	pop2-NEH1-6	rep_2	0.9994
pop2-NEH1	pop2-NEH1-7	rep_2	0.9200
pop2-NEH1	pop2-NEH1-8	rep_2	0.9877
pop2-NEH2	pop2-NEH2-10	rep_2	0.9769
pop2-NEH2	pop2-NEH2-11	rep_2	0.9998
pop2-NEH2	pop2-NEH2-12	rep_2	0.9980
pop2-NEH2	pop2-NEH2-13	rep_2	0.9996
pop2-NEH2	pop2-NEH2-14	rep_2	0.9744
pop2-NEH2	pop2-NEH2-15	rep_2	0.9997
pop2-NEH2	pop2-NEH2-16	rep_2	0.9974
pop2-NEH2	pop2-NEH2-17	rep_2	0.9909
pop2-NEH2	pop2-NEH2-18	rep_2	0.9995
pop2-NEH2	pop2-NEH2-19	rep_2	0.9794
pop2-NEH2	pop2-NEH2-1	rep_2	0.9996
pop2-NEH2	pop2-NEH2-20	rep_2	0.7625
pop2-NEH2	pop2-NEH2-21	rep_2	0.9337
pop2-NEH2	pop2-NEH2-22	rep_2	0.9997
pop2-NEH2	pop2-NEH2-23	rep_2	0.9998
pop2-NEH2	pop2-NEH2-24	rep_2	0.9960
pop2-NEH2	pop2-NEH2-25	rep_2	0.9997
pop2-NEH2	pop2-NEH2-26	rep_2	0.9979
pop2-NEH2	pop2-NEH2-27	rep_2	0.9997
pop2-NEH2	pop2-NEH2-28	rep_2	0.9734
pop2-NEH2	pop2-NEH2-29	rep_2	0.9899
pop2-NEH2	pop2-NEH2-2	rep_2	0.9590
pop2-NEH2	pop2-NEH2-30	rep_2	0.9991
pop2-NEH2	pop2-NEH2-31	rep_2	0.9994
pop2-NEH2	pop2-NEH2-32	rep_2	0.9998
pop2-NEH2	pop2-NEH2-3	rep_2	0.9985
pop2-NEH2	pop2-NEH2-4	rep_2	0.9646
pop2-NEH2	pop2-NEH2-5	rep_2	0.9387
pop2-NEH2	pop2-NEH2-6	rep_2	0.9244
pop2-NEH2	pop2-NEH2-7	rep_2	0.9044
pop2-NEH2	pop2-NEH2-8	rep_2	0.9992
pop2-NEH2	pop2-NEH2-9	rep_2	0.9975
pop2-UMFS	pop2-UMFS-10	rep_2	0.7723
pop2-UMFS	pop2-UMFS-11	rep_2	0.6078
pop2-UMFS	pop2-UMFS-13	rep_2	0.9281
pop2-UMFS	pop2-UMFS-14	rep_2	0.8394
pop2-UMFS	pop2-UMFS-15	rep_2	0.8379
pop2-UMFS	pop2-UMFS-16	rep_2	0.8005
pop2-UMFS	pop2-UMFS-19	rep_2	0.8662
pop2-UMFS	pop2-UMFS-1	rep_2	0.8276
pop2-UMFS	pop2-UMFS-20	rep_2	0.5965
pop2-UMFS	pop2-UMFS-21	rep_2	0.8277
pop2-UMFS	pop2-UMFS-22	rep_2	0.6864
pop2-UMFS	pop2-UMFS-23	rep_2	0.7293
pop2-UMFS	pop2-UMFS-24	rep_2	0.6232
pop2-UMFS	pop2-UMFS-25	rep_2	0.8128
pop2-UMFS	pop2-UMFS-26	rep_2	0.6566
pop2-UMFS	pop2-UMFS-2	rep_2	0.6634
pop2-UMFS	pop2-UMFS-31	rep_2	0.6083
pop2-UMFS	pop2-UMFS-32	rep_2	0.7834
pop2-UMFS	pop2-UMFS-33	rep_2	0.8781
pop2-UMFS	pop2-UMFS-34	rep_2	0.6539
pop2-UMFS	pop2-UMFS-35	rep_2	0.8284
pop2-UMFS	pop2-UMFS-36	rep_2	0.9269
pop2-UMFS	pop2-UMFS-37	rep_2	0.9380
pop2-UMFS	pop2-UMFS-38	rep_2	0.7876
pop2-UMFS	pop2-UMFS-3	rep_2	0.8994
pop2-UMFS	pop2-UMFS-4	rep_2	0.8539
pop2-UMFS	pop2-UMFS-5	rep_2	0.7251
pop2-UMFS	pop2-UMFS-6	rep_2	0.7934
pop2-UMFS	pop2-UMFS-7	rep_2	0.8201
pop2-UMFS	pop2-UMFS-8	rep_2	0.7949
WildUnadmixed	WildUnadmixed-001	rep_2	0.0003
WildUnadmixed	WildUnadmixed-002	rep_2	0.0007
WildUnadmixed	WildUnadmixed-003	rep_2	0.0005
WildUnadmixed	WildUnadmixed-004	rep_2	0.0004
WildUnadmixed	WildUnadmixed-005	rep_2	0.0010
WildUnadmixed	WildUnadmixed-006	rep_2	0.0008
WildUnadmixed	WildUnadmixed-007	rep_2	0.0006
WildUnadmixed	WildUnadmixed-008	rep_2	0.0025
WildUnadmixed	WildUnadmixed-009	rep_2	0.0004
WildUnadmixed	WildUnadmixed-010	rep_2	0.0006
WildUnadmixed	WildUnadmixed-011	rep_2	0.0009
WildUnadmixed	WildUnadmixed-012	rep_2	0.0007
WildUnadmixed	WildUnadmixed-013	rep_2	0.0013
WildUnadmixed	WildUnadmixed-014	rep_2	0.0013
WildUnadmixed	WildUnadmixed-015	rep_2	0.0032
WildUnadmixed	WildUnadmixed-016	rep_2	0.0006
WildUnadmixed	WildUnadmixed-017	rep_2	0.0007
WildUnadmixed	WildUnadmixed-018	rep_2	0.0003
WildUnadmixed	WildUnadmixed-019	rep_2	0.0005
WildUnadmixed	WildUnadmixed-020	rep_2	0.0004
B2Wild	B2Wild-001	rep_3	0.2718
B2Wild	B2Wild-002	rep_3	0.2579
B2Wild	B2Wild-003	rep_3	0.2849
B2Wild	B2Wild-004	rep_3	0.2586
B2Wild	B2Wild-005	rep_3	0.2686
B2Wild	B2Wild-006	rep_3	0.2409
B2Wild	B2Wild-007	rep_3	0.2191
B2Wild	B2Wild-008	rep_3	0.2116
B2Wild	B2Wild-009	rep_3	0.2742
B2Wild	B2Wild-010	rep_3	0.2924
B2Wild	B2Wild-011	rep_3	0.2175
B2Wild	B2Wild-012	rep_3	0.2508
B2Wild	B2Wild-013	rep_3	0.2560
B2Wild	B2Wild-014	rep_3	0.3100
B2Wild	B2Wild-015	rep_3	0.2148
B2Wild	B2Wild-016	rep_3	0.2238
B2Wild	B2Wild-017	rep_3	0.2170
B2Wild	B2Wild-018	rep_3	0.2708
B2Wild	B2Wild-019	rep_3	0.2885
B2Wild	B2Wild-020	rep_3	0.2270
B3Wild	B3Wild-001	rep_3	0.1164
B3Wild	B3Wild-002	rep_3	0.0669
B3Wild	B3Wild-003	rep_3	0.1151
B3Wild	B3Wild-004	rep_3	0.1227
B3Wild	B3Wild-005	rep_3	0.0947
B3Wild	B3Wild-006	rep_3	0.1246
B3Wild	B3Wild-007	rep_3	0.1653
B3Wild	B3Wild-008	rep_3	0.1350
B3Wild	B3Wild-009	rep_3	0.0820
B3Wild	B3Wild-010	rep_3	0.1057
B3Wild	B3Wild-011	rep_3	0.0915
B3Wild	B3Wild-012	rep_3	0.1391
B3Wild	B3Wild-013	rep_3	0.1407
B3Wild	B3Wild-014	rep_3	0.0985
B3Wild	B3Wild-015	rep_3	0.1188
B3Wild	B3Wild-016	rep_3	0.1644
B3Wild	B3Wild-017	rep_3	0.1659
B3Wild	B3Wild-018	rep_3	0.1609
B3Wild	B3Wild-019	rep_3	0.1319
B3Wild	B3Wild-020	rep_3	0.1064
B4Wild	B4Wild-001	rep_3	0.0013
B4Wild	B4Wild-002	rep_3	0.0977
B4Wild	B4Wild-003	rep_3	0.0128
B4Wild	B4Wild-004	rep_3	0.0172
B4Wild	B4Wild-005	rep_3	0.0681
B4Wild	B4Wild-006	rep_3	0.0510
B4Wild	B4Wild-007	rep_3	0.0435
B4Wild	B4Wild-008	rep_3	0.0548
B4Wild	B4Wild-009	rep_3	0.0802
B4Wild	B4Wild-010	rep_3	0.0408
B4Wild	B4Wild-011	rep_3	0.0250
B4Wild	B4Wild-012	rep_3	0.0136
B4Wild	B4Wild-013	rep_3	0.0436
B4Wild	B4Wild-014	rep_3	0.0288
B4Wild	B4Wild-015	rep_3	0.0389
B4Wild	B4Wild-016	rep_3	0.0015
B4Wild	B4Wild-017	rep_3	0.0865
B4Wild	B4Wild-018	rep_3	0.0078
B4Wild	B4Wild-019	rep_3	0.0800
B4Wild	B4Wild-020	rep_3	0.1092
B5Wild	B5Wild-001	rep_3	0.0371
B5Wild	B5Wild-002	rep_3	0.0314
B5Wild	B5Wild-003	rep_3	0.0063
B5Wild	B5Wild-004	rep_3	0.0009
B5Wild	B5Wild-005	rep_3	0.0022
B5Wild	B5Wild-006	rep_3	0.0180
B5Wild	B5Wild-007	rep_3	0.0019
B5Wild	B5Wild-008	rep_3	0.0226
B5Wild	B5Wild-009	rep_3	0.0022
B5Wild	B5Wild-010	rep_3	0.0011
B5Wild	B5Wild-011	rep_3	0.0010
B5Wild	B5Wild-012	rep_3	0.0367
B5Wild	B5Wild-013	rep_3	0.0017
B5Wild	B5Wild-014	rep_3	0.0004
B5Wild	B5Wild-015	rep_3	0.0016
B5Wild	B5Wild-016	rep_3	0.0005
B5Wild	B5Wild-017	rep_3	0.0011
B5Wild	B5Wild-018	rep_3	0.0097
B5Wild	B5Wild-019	rep_3	0.0360
B5Wild	B5Wild-020	rep_3	0.0010
F1HYB	F1HYB-001	rep_3	0.5129
F1HYB	F1HYB-002	rep_3	0.4554
F1HYB	F1HYB-003	rep_3	0.4663
F1HYB	F1HYB-004	rep_3	0.4616
F1HYB	F1HYB-005	rep_3	0.5233
F1HYB	F1HYB-006	rep_3	0.5172
F1HYB	F1HYB-007	rep_3	0.5516
F1HYB	F1HYB-008	rep_3	0.4978
F1HYB	F1HYB-009	rep_3	0.5237
F1HYB	F1HYB-010	rep_3	0.4767
F1HYB	F1HYB-011	rep_3	0.5300
F1HYB	F1HYB-012	rep_3	0.4459
F1HYB	F1HYB-013	rep_3	0.4770
F1HYB	F1HYB-014	rep_3	0.5279
F1HYB	F1HYB-015	rep_3	0.5240
F1HYB	F1HYB-016	rep_3	0.4810
F1HYB	F1HYB-017	rep_3	0.5070
F1HYB	F1HYB-018	rep_3	0.5237
F1HYB	F1HYB-019	rep_3	0.4889
F1HYB	F1HYB-020	rep_3	0.5309
pop1-HH1013a	pop1-HH1013a-003	rep_3	0.0012
pop1-HH1013a	pop1-HH1013a-009	rep_3	0.0026
pop1-HH1013a	pop1-HH1013a-010	rep_3	0.0018
pop1-HH1013a	pop1-HH1013a-017	rep_3	0.0006
pop1-HH1013s	pop1-HH1013s-002	rep_3	0.0003
pop1-HH1013s	pop1-HH1013s-003	rep_3	0.0003
pop1-HH1013s	pop1-HH1013s-004	rep_3	0.0004
pop1-HH1013s	pop1-HH1013s-005	rep_3	0.0085
pop1-HH1013s	pop1-HH1013s-006	rep_3	0.0004
pop1-HH1013s	pop1-HH1013s-007	rep_3	0.0009
pop1-HH1013s	pop1-HH1013s-009	rep_3	0.0015
pop1-HH1013s	pop1-HH1013s-010	rep_3	0.0008
pop1-HH1013s	pop1-HH1013s-013	rep_3	0.0047
pop1-HH1013s	pop1-HH1013s-014	rep_3	0.0006
pop1-HH1013s	pop1-HH1013s-016	rep_3	0.0006
pop1-HH1013s	pop1-HH1013s-018	rep_3	0.0004
pop1-HH1013s	pop1-HH1013s-019	rep_3	0.0013
pop1-HH1013s	pop1-HH1013s-020	rep_3	0.0002
pop1-HH1013s	pop1-HH1013s-021	rep_3	0.0008
pop1-HH1013s	pop1-HH1013s-022	rep_3	0.0007
pop1-HH1013s	pop1-HH1013s-024	rep_3	0.0004
pop1-HH1013s	pop1-HH1013s-028	rep_3	0.0009
pop1-HH1013s	pop1-HH1013s-029	rep_3	0.0002
pop1-HH1013s	pop1-HH1013s-030	rep_3	0.0003
pop1-HH1013s	pop1-HH1013s-031	rep_3	0.0006
pop1-HH1013s	pop1-HH1013s-033	rep_3	0.0010
pop1-HRP22	pop1-HRP22-001	rep_3	0.0030
pop1-HRP22	pop1-HRP22-002	rep_3	0.0008
pop1-HRP22	pop1-HRP22-003	rep_3	0.0006
pop1-HRP22	pop1-HRP22-004	rep_3	0.0007
pop1-HRP22	pop1-HRP22-005	rep_3	0.0008
pop1-HRP22	pop1-HRP22-006	rep_3	0.0039
pop1-HRP22	pop1-HRP22-007	rep_3	0.0004
pop1-HRP22	pop1-HRP22-008	rep_3	0.0017
pop1-HRP22	pop1-HRP22-009	rep_3	0.0004
pop1-HRP22	pop1-HRP22-010	rep_3	0.0007
pop1-HRP22	pop1-HRP22-011	rep_3	0.0003
pop1-HRP22	pop1-HRP22-012	rep_3	0.0022
pop1-HRP22	pop1-HRP22-013	rep_3	0.0013
pop1-HRP22	pop1-HRP22-014	rep_3	0.0007
pop1-HRP22	pop1-HRP22-016	rep_3	0.0008
pop1-HRP22	pop1-HRP22-017	rep_3	0.0005
pop1-HRP22	pop1-HRP22-018	rep_3	0.0008
pop1-HRP22	pop1-HRP22-019	rep_3	0.0006
pop1-HRP22	pop1-HRP22-020	rep_3	0.0011
pop1-HRP22	pop1-HRP22-021	rep_3	0.0008
pop1-HRP22	pop1-HRP22-022	rep_3	0.0007
pop1-HRP22	pop1-HRP22-023	rep_3	0.0009
pop1-HRP22	pop1-HRP22-024	rep_3	0.0027
pop1-HRP22	pop1-HRP22-026	rep_3	0.0004
pop2-Cv5786	pop2-Cv5786-01	rep_3	0.7960
pop2-Cv5786	pop2-Cv5786-02	rep_3	0.9998
pop2-Cv5786	pop2-Cv5786-03	rep_3	0.8637
pop2-Cv5786	pop2-Cv5786-04	rep_3	0.9933
pop2-Cv5786	pop2-Cv5786-05	rep_3	0.9998
pop2-Cv5786	pop2-Cv5786-06	rep_3	0.9998
pop2-Cv5786	pop2-Cv5786-07	rep_3	0.7957
pop2-Cv5786	pop2-Cv5786-08	rep_3	0.8015
pop2-Cv5786	pop2-Cv5786-09	rep_3	0.9068
pop2-Cv5786	pop2-Cv5786-10	rep_3	0.9991
pop2-Cv5786	pop2-Cv5786-11	rep_3	0.9808
pop2-Cv5786	pop2-Cv5786-12	rep_3	0.9944
pop2-Cv5786	pop2-Cv5786-13	rep_3	0.9997
pop2-Cv5786	pop2-Cv5786-14	rep_3	0.9998
pop2-Cv5786	pop2-Cv5786-15	rep_3	0.8050
pop2-Cv5786	pop2-Cv5786-16	rep_3	0.9997
pop2-Cv5786	pop2-Cv5786-17	rep_3	0.7195
pop2-Cv5786	pop2-Cv5786-18	rep_3	0.9978
pop2-Cv5786	pop2-Cv5786-19	rep_3	0.9981
pop2-Cv5786	pop2-Cv5786-20	rep_3	0.9981
pop2-Cv5786	pop2-Cv5786-21	rep_3	0.8605
pop2-Cv5786	pop2-Cv5786-22	rep_3	0.9821
pop2-Cv5786	pop2-Cv5786-23	rep_3	0.8747
pop2-Cv5786	pop2-Cv5786-24	rep_3	0.9997
pop2-Cv5786	pop2-Cv5786-25	rep_3	0.9997
pop2-Cv5786	pop2-Cv5786-26	rep_3	0.9993
pop2-Cv5786	pop2-Cv5786-27	rep_3	0.9765
pop2-Cv5786	pop2-Cv5786-28	rep_3	0.9993
pop2-Cv5786	pop2-Cv5786-29	rep_3	0.9996
pop2-Cv5786	pop2-Cv5786-30	rep_3	0.9151
pop2-FI1012	pop2-FI1012-001	rep_3	0.9998
pop2-FI1012	pop2-FI1012-002	rep_3	0.9997
pop2-FI1012	pop2-FI1012-003	rep_3	0.9998
pop2-FI1012	pop2-FI1012-004	rep_3	0.9999
pop2-FI1012	pop2-FI1012-005	rep_3	0.9997
pop2-FI1012	pop2-FI1012-006	rep_3	0.9986
pop2-FI1012	pop2-FI1012-007	rep_3	0.9993
pop2-FI1012	pop2-FI1012-008	rep_3	0.9982
pop2-FI1012	pop2-FI1012-009	rep_3	0.9998
pop2-FI1012	pop2-FI1012-010	rep_3	0.9998
pop2-FI1012	pop2-FI1012-011	rep_3	0.9998
pop2-FI1012	pop2-FI1012-012	rep_3	0.9998
pop2-FI1012	pop2-FI1012-013	rep_3	0.9997
pop2-FI1012	pop2-FI1012-014	rep_3	0.9995
pop2-FI1012	pop2-FI1012-015	rep_3	0.9998
pop2-FI1012	pop2-FI1012-016	rep_3	0.9999
pop2-FI1012	pop2-FI1012-017	rep_3	0.9993
pop2-FI1012	pop2-FI1012-019	rep_3	0.9998
pop2-FI1012	pop2-FI1012-020	rep_3	0.9997
pop2-FI1012	pop2-FI1012-021	rep_3	0.9999
pop2-FIS1013a	pop2-FIS1013a-001	rep_3	0.9998
pop2-FIS1013a	pop2-FIS1013a-002	rep_3	0.9996
pop2-FIS1013a	pop2-FIS1013a-003	rep_3	0.9937
pop2-FIS1013a	pop2-FIS1013a-004	rep_3	0.9601
pop2-FIS1013a	pop2-FIS1013a-005	rep_3	0.9995
pop2-FIS1013a	pop2-FIS1013a-006	rep_3	0.9997
pop2-FIS1013a	pop2-FIS1013a-007	rep_3	0.9998
pop2-FIS1013a	pop2-FIS1013a-008	rep_3	0.9997
pop2-FIS1013a	pop2-FIS1013a-009	rep_3	0.9981
pop2-FIS1013a	pop2-FIS1013a-010	rep_3	0.9997
pop2-FIS1013a	pop2-FIS1013a-011	rep_3	0.9995
pop2-FIS1013a	pop2-FIS1013a-012	rep_3	0.9981
pop2-FIS1013a	pop2-FIS1013a-013	rep_3	0.9131
pop2-FIS1013a	pop2-FIS1013a-014	rep_3	0.9520
pop2-FIS1013a	pop2-FIS1013a-015	rep_3	0.9996
pop2-FIS1013a	pop2-FIS1013a-016	rep_3	0.9998
pop2-FIS1013a	pop2-FIS1013a-017	rep_3	0.9994
pop2-FIS1013a	pop2-FIS1013a-018	rep_3	0.9998
pop2-FIS1013a	pop2-FIS1013a-019	rep_3	0.9999
pop2-FIS1013a	pop2-FIS1013a-020	rep_3	0.9998
pop2-FIS1013a	pop2-FIS1013a-021	rep_3	0.8275
pop2-FIS1013a	pop2-FIS1013a-022	rep_3	0.9989
pop2-FIS1013a	pop2-FIS1013a-023	rep_3	0.9999
pop2-FIS1013a	pop2-FIS1013a-024	rep_3	0.9856
pop2-FIS1013a	pop2-FIS1013a-025	rep_3	0.9906
pop2-FIS1013a	pop2-FIS1013a-026	rep_3	0.9966
pop2-FIS1013a	pop2-FIS1013a-027	rep_3	0.9990
pop2-FIS1013a	pop2-FIS1013a-028	rep_3	0.9998
pop2-FIS1013a	pop2-FIS1013a-029	rep_3	0.9993
pop2-FIS1013a	pop2-FIS1013a-030	rep_3	0.9996
pop2-KRB16	pop2-KRB16-001	rep_3	0.9999
pop2-KRB16	pop2-KRB16-002	rep_3	0.9999
pop2-KRB16	pop2-KRB16-003	rep_3	0.9995
pop2-KRB16	pop2-KRB16-004	rep_3	0.9993
pop2-KRB16	pop2-KRB16-005	rep_3	0.9998
pop2-KRB16	pop2-KRB16-006	rep_3	0.9999
pop2-KRB16	pop2-KRB16-007	rep_3	0.9997
pop2-KRB16	pop2-KRB16-008	rep_3	0.9997
pop2-KRB16	pop2-KRB16-009	rep_3	0.9999
pop2-KRB16	pop2-KRB16-010	rep_3	0.9999
pop2-KRB16	pop2-KRB16-011	rep_3	0.9999
pop2-KRB16	pop2-KRB16-012	rep_3	0.9999
pop2-KRB16	pop2-KRB16-013	rep_3	0.9994
pop2-KRB16	pop2-KRB16-014	rep_3	0.9998
pop2-KRB16	pop2-KRB16-015	rep_3	0.9996
pop2-KRB16	pop2-KRB16-016	rep_3	0.9998
pop2-KRB16	pop2-KRB16-017	rep_3	0.9996
pop2-KRB16	pop2-KRB16-018	rep_3	0.9998
pop2-KRB16	pop2-KRB16-019	rep_3	0.9995
pop2-KRB16	pop2-KRB16-020	rep_3	0.9999
pop2-KRB16	pop2-KRB16-021	rep_3	0.9999
pop2-KRB16	pop2-KRB16-022	rep_3	0.9999
pop2-KRB16	pop2-KRB16-023	rep_3	0.9998
pop2-KRB16	pop2-KRB16-024	rep_3	0.9987
pop2-KRB16	pop2-KRB16-025	rep_3	0.9999
pop2-KRB16	pop2-KRB16-026	rep_3	0.9999
pop2-KRB16	pop2-KRB16-027	rep_3	0.9999
pop2-KRB16	pop2-KRB16-028	rep_3	0.9999
pop2-KRB16	pop2-KRB16-029	rep_3	0.9997
pop2-KRB16	pop2-KRB16-030	rep_3	0.9997
pop2-KRP13	pop2-KRP13-001	rep_3	0.9998
pop2-KRP13	pop2-KRP13-002	rep_3	0.9998
pop2-KRP13	pop2-KRP13-003	rep_3	0.9997
pop2-KRP13	pop2-KRP13-004	rep_3	0.9999
pop2-KRP13	pop2-KRP13-005	rep_3	0.9984
pop2-KRP13	pop2-KRP13-006	rep_3	0.9997
pop2-KRP13	pop2-KRP13-007	rep_3	0.9996
pop2-KRP13	pop2-KRP13-008	rep_3	0.9991
pop2-KRP13	pop2-KRP13-009	rep_3	0.9995
pop2-KRP13	pop2-KRP13-010	rep_3	0.9996
pop2-KRP13	pop2-KRP13-011	rep_3	0.9998
pop2-KRP13	pop2-KRP13-012	rep_3	0.9997
pop2-KRP13	pop2-KRP13-013	rep_3	0.9999
pop2-KRP13	pop2-KRP13-014	rep_3	0.9991
pop2-KRP13	pop2-KRP13-015	rep_3	0.9998
pop2-KRP13	pop2-KRP13-016	rep_3	0.9993
pop2-KRP13	pop2-KRP13-017	rep_3	0.9926
pop2-KRP13	pop2-KRP13-018	rep_3	0.9954
pop2-KRP13	pop2-KRP13-019	rep_3	0.9995
pop2-KRP13	pop2-KRP13-020	rep_3	0.9999
pop2-KRP13	pop2-KRP13-021	rep_3	0.9998
pop2-KRP13	pop2-KRP13-022	rep_3	0.9998
pop2-KRP13	pop2-KRP13-023	rep_3	0.9999
pop2-KRP13	pop2-KRP13-024	rep_3	0.9998
pop2-KRP13	pop2-KRP13-025	rep_3	0.9992
pop2-KRP13	pop2-KRP13-026	rep_3	0.9999
pop2-KRP13	pop2-KRP13-027	rep_3	0.9998
pop2-KRP13	pop2-KRP13-028	rep_3	0.9995
pop2-KRP13	pop2-KRP13-029	rep_3	0.9997
pop2-KRP13	pop2-KRP13-030	rep_3	0.9997
pop2-NEH1	pop2-NEH1-10	rep_3	0.9985
pop2-NEH1	pop2-NEH1-11	rep_3	0.9986
pop2-NEH1	pop2-NEH1-12	rep_3	0.9996
pop2-NEH1	pop2-NEH1-13	rep_3	0.7901
pop2-NEH1	pop2-NEH1-14	rep_3	0.8610
pop2-NEH1	pop2-NEH1-15	rep_3	0.9991
pop2-NEH1	pop2-NEH1-16	rep_3	0.9981
pop2-NEH1	pop2-NEH1-17	rep_3	0.9996
pop2-NEH1	pop2-NEH1-19	rep_3	0.8051
pop2-NEH1	pop2-NEH1-1	rep_3	0.9998
pop2-NEH1	pop2-NEH1-20	rep_3	0.8697
pop2-NEH1	pop2-NEH1-21	rep_3	0.8504
pop2-NEH1	pop2-NEH1-22	rep_3	0.8477
pop2-NEH1	pop2-NEH1-23	rep_3	0.7686
pop2-NEH1	pop2-NEH1-24	rep_3	0.9988
pop2-NEH1	pop2-NEH1-25	rep_3	0.8480
pop2-NEH1	pop2-NEH1-26	rep_3	0.8637
pop2-NEH1	pop2-NEH1-28	rep_3	0.9997
pop2-NEH1	pop2-NEH1-29	rep_3	0.9937
pop2-NEH1	pop2-NEH1-2	rep_3	0.9996
pop2-NEH1	pop2-NEH1-30	rep_3	0.8990
pop2-NEH1	pop2-NEH1-31	rep_3	0.9554
pop2-NEH1	pop2-NEH1-32	rep_3	0.9972
pop2-NEH1	pop2-NEH1-33	rep_3	0.9024
pop2-NEH1	pop2-NEH1-34	rep_3	0.9945
pop2-NEH1	pop2-NEH1-35	rep_3	0.8710
pop2-NEH1	pop2-NEH1-3	rep_3	0.7244
pop2-NEH1	pop2-NEH1-4	rep_3	0.9998
pop2-NEH1	pop2-NEH1-5	rep_3	0.9440
pop2-NEH1	pop2-NEH1-6	rep_3	0.9995
pop2-NEH1	pop2-NEH1-7	rep_3	0.9206
pop2-NEH1	pop2-NEH1-8	rep_3	0.9895
pop2-NEH2	pop2-NEH2-10	rep_3	0.9751
pop2-NEH2	pop2-NEH2-11	rep_3	0.9998
pop2-NEH2	pop2-NEH2-12	rep_3	0.9984
pop2-NEH2	pop2-NEH2-13	rep_3	0.9996
pop2-NEH2	pop2-NEH2-14	rep_3	0.9734
pop2-NEH2	pop2-NEH2-15	rep_3	0.9997
pop2-NEH2	pop2-NEH2-16	rep_3	0.9974
pop2-NEH2	pop2-NEH2-17	rep_3	0.9905
pop2-NEH2	pop2-NEH2-18	rep_3	0.9996
pop2-NEH2	pop2-NEH2-19	rep_3	0.9773
pop2-NEH2	pop2-NEH2-1	rep_3	0.9995
pop2-NEH2	pop2-NEH2-20	rep_3	0.7616
pop2-NEH2	pop2-NEH2-21	rep_3	0.9375
pop2-NEH2	pop2-NEH2-22	rep_3	0.9997
pop2-NEH2	pop2-NEH2-23	rep_3	0.9998
pop2-NEH2	pop2-NEH2-24	rep_3	0.9966
pop2-NEH2	pop2-NEH2-25	rep_3	0.9997
pop2-NEH2	pop2-NEH2-26	rep_3	0.9981
pop2-NEH2	pop2-NEH2-27	rep_3	0.9997
pop2-NEH2	pop2-NEH2-28	rep_3	0.9735
pop2-NEH2	pop2-NEH2-29	rep_3	0.9906
pop2-NEH2	pop2-NEH2-2	rep_3	0.9619
pop2-NEH2	pop2-NEH2-30	rep_3	0.9991
pop2-NEH2	pop2-NEH2-31	rep_3	0.9995
pop2-NEH2	pop2-NEH2-32	rep_3	0.9998
pop2-NEH2	pop2-NEH2-3	rep_3	0.9986
pop2-NEH2	pop2-NEH2-4	rep_3	0.9639
pop2-NEH2	pop2-NEH2-5	rep_3	0.9364
pop2-NEH2	pop2-NEH2-6	rep_3	0.9194
pop2-NEH2	pop2-NEH2-7	rep_3	0.9052
pop2-NEH2	pop2-NEH2-8	rep_3	0.9991
pop2-NEH2	pop2-NEH2-9	rep_3	0.9976
pop2-UMFS	pop2-UMFS-10	rep_3	0.7703
pop2-UMFS	pop2-UMFS-11	rep_3	0.6081
pop2-UMFS	pop2-UMFS-13	rep_3	0.9266
pop2-UMFS	pop2-UMFS-14	rep_3	0.8408
pop2-UMFS	pop2-UMFS-15	rep_3	0.8365
pop2-UMFS	pop2-UMFS-16	rep_3	0.8012
pop2-UMFS	pop2-UMFS-19	rep_3	0.8651
pop2-UMFS	pop2-UMFS-1	rep_3	0.8282
pop2-UMFS	pop2-UMFS-20	rep_3	0.5956
pop2-UMFS	pop2-UMFS-21	rep_3	0.8280
pop2-UMFS	pop2-UMFS-22	rep_3	0.6859
pop2-UMFS	pop2-UMFS-23	rep_3	0.7285
pop2-UMFS	pop2-UMFS-24	rep_3	0.6225
pop2-UMFS	pop2-UMFS-25	rep_3	0.8125
pop2-UMFS	pop2-UMFS-26	rep_3	0.6556
pop2-UMFS	pop2-UMFS-2	rep_3	0.6629
pop2-UMFS	pop2-UMFS-31	rep_3	0.6079
pop2-UMFS	pop2-UMFS-32	rep_3	0.7827
pop2-UMFS	pop2-UMFS-33	rep_3	0.8789
pop2-UMFS	pop2-UMFS-34	rep_3	0.6532
pop2-UMFS	pop2-UMFS-35	rep_3	0.8285
pop2-UMFS	pop2-UMFS-36	rep_3	0.9232
pop2-UMFS	pop2-UMFS-37	rep_3	0.9418
pop2-UMFS	pop2-UMFS-38	rep_3	0.7867
pop2-UMFS	pop2-UMFS-3	rep_3	0.9024
pop2-UMFS	pop2-UMFS-4	rep_3	0.8550
pop2-UMFS	pop2-UMFS-5	rep_3	0.7257
pop2-UMFS	pop2-UMFS-6	rep_3	0.7942
pop2-UMFS	pop2-UMFS-7	rep_3	0.8192
pop2-UMFS	pop2-UMFS-8	rep_3	0.7945
WildUnadmixed	WildUnadmixed-001	rep_3	0.0002
WildUnadmixed	WildUnadmixed-002	rep_3	0.0008
WildUnadmixed	WildUnadmixed-003	rep_3	0.0005
WildUnadmixed	WildUnadmixed-004	rep_3	0.0005
WildUnadmixed	WildUnadmixed-005	rep_3	0.0008
WildUnadmixed	WildUnadmixed-006	rep_3	0.0009
WildUnadmixed	WildUnadmixed-007	rep_3	0.0007
WildUnadmixed	WildUnadmixed-008	rep_3	0.0021
WildUnadmixed	WildUnadmixed-009	rep_3	0.0004
WildUnadmixed	WildUnadmixed-010	rep_3	0.0006
WildUnadmixed	WildUnadmixed-011	rep_3	0.0010
WildUnadmixed	WildUnadmixed-012	rep_3	0.0006
WildUnadmixed	WildUnadmixed-013	rep_3	0.0014
WildUnadmixed	WildUnadmixed-014	rep_3	0.0014
WildUnadmixed	WildUnadmixed-015	rep_3	0.0036
WildUnadmixed	WildUnadmixed-016	rep_3	0.0006
WildUnadmixed	WildUnadmixed-017	rep_3	0.0006
WildUnadmixed	WildUnadmixed-018	rep_3	0.0002
WildUnadmixed	WildUnadmixed-019	rep_3	0.0005
WildUnadmixed	WildUnadmixed-020	rep_3	0.0005
B2Wild	B2Wild-001	rep_4	0.2729
B2Wild	B2Wild-002	rep_4	0.2567
B2Wild	B2Wild-003	rep_4	0.2844
B2Wild	B2Wild-004	rep_4	0.2590
B2Wild	B2Wild-005	rep_4	0.2692
B2Wild	B2Wild-006	rep_4	0.2407
B2Wild	B2Wild-007	rep_4	0.2200
B2Wild	B2Wild-008	rep_4	0.2116
B2Wild	B2Wild-009	rep_4	0.2762
B2Wild	B2Wild-010	rep_4	0.2923
B2Wild	B2Wild-011	rep_4	0.2172
B2Wild	B2Wild-012	rep_4	0.2509
B2Wild	B2Wild-013	rep_4	0.2558
B2Wild	B2Wild-014	rep_4	0.3099
B2Wild	B2Wild-015	rep_4	0.2143
B2Wild	B2Wild-016	rep_4	0.2242
B2Wild	B2Wild-017	rep_4	0.2172
B2Wild	B2Wild-018	rep_4	0.2712
B2Wild	B2Wild-019	rep_4	0.2892
B2Wild	B2Wild-020	rep_4	0.2261
B3Wild	B3Wild-001	rep_4	0.1156
B3Wild	B3Wild-002	rep_4	0.0673
B3Wild	B3Wild-003	rep_4	0.1146
B3Wild	B3Wild-004	rep_4	0.1221
B3Wild	B3Wild-005	rep_4	0.0969
B3Wild	B3Wild-006	rep_4	0.1244
B3Wild	B3Wild-007	rep_4	0.1658
B3Wild	B3Wild-008	rep_4	0.1350
B3Wild	B3Wild-009	rep_4	0.0823
B3Wild	B3Wild-010	rep_4	0.1055
B3Wild	B3Wild-011	rep_4	0.0906
B3Wild	B3Wild-012	rep_4	0.1393
B3Wild	B3Wild-013	rep_4	0.1406
B3Wild	B3Wild-014	rep_4	0.0988
B3Wild	B3Wild-015	rep_4	0.1194
B3Wild	B3Wild-016	rep_4	0.1638
B3Wild	B3Wild-017	rep_4	0.1675
B3Wild	B3Wild-018	rep_4	0.1614
B3Wild	B3Wild-019	rep_4	0.1314
B3Wild	B3Wild-020	rep_4	0.1062
B4Wild	B4Wild-001	rep_4	0.0012
B4Wild	B4Wild-002	rep_4	0.0979
B4Wild	B4Wild-003	rep_4	0.0111
B4Wild	B4Wild-004	rep_4	0.0169
B4Wild	B4Wild-005	rep_4	0.0672
B4Wild	B4Wild-006	rep_4	0.0577
B4Wild	B4Wild-007	rep_4	0.0442
B4Wild	B4Wild-008	rep_4	0.0565
B4Wild	B4Wild-009	rep_4	0.0796
B4Wild	B4Wild-010	rep_4	0.0405
B4Wild	B4Wild-011	rep_4	0.0244
B4Wild	B4Wild-012	rep_4	0.0124
B4Wild	B4Wild-013	rep_4	0.0429
B4Wild	B4Wild-014	rep_4	0.0276
B4Wild	B4Wild-015	rep_4	0.0384
B4Wild	B4Wild-016	rep_4	0.0017
B4Wild	B4Wild-017	rep_4	0.0858
B4Wild	B4Wild-018	rep_4	0.0066
B4Wild	B4Wild-019	rep_4	0.0801
B4Wild	B4Wild-020	rep_4	0.1078
B5Wild	B5Wild-001	rep_4	0.0389
B5Wild	B5Wild-002	rep_4	0.0302
B5Wild	B5Wild-003	rep_4	0.0057
B5Wild	B5Wild-004	rep_4	0.0009
B5Wild	B5Wild-005	rep_4	0.0022
B5Wild	B5Wild-006	rep_4	0.0197
B5Wild	B5Wild-007	rep_4	0.0018
B5Wild	B5Wild-008	rep_4	0.0226
B5Wild	B5Wild-009	rep_4	0.0019
B5Wild	B5Wild-010	rep_4	0.0010
B5Wild	B5Wild-011	rep_4	0.0009
B5Wild	B5Wild-012	rep_4	0.0382
B5Wild	B5Wild-013	rep_4	0.0018
B5Wild	B5Wild-014	rep_4	0.0004
B5Wild	B5Wild-015	rep_4	0.0018
B5Wild	B5Wild-016	rep_4	0.0005
B5Wild	B5Wild-017	rep_4	0.0012
B5Wild	B5Wild-018	rep_4	0.0101
B5Wild	B5Wild-019	rep_4	0.0354
B5Wild	B5Wild-020	rep_4	0.0010
F1HYB	F1HYB-001	rep_4	0.5131
F1HYB	F1HYB-002	rep_4	0.4548
F1HYB	F1HYB-003	rep_4	0.4662
F1HYB	F1HYB-004	rep_4	0.4619
F1HYB	F1HYB-005	rep_4	0.5240
F1HYB	F1HYB-006	rep_4	0.5165
F1HYB	F1HYB-007	rep_4	0.5506
F1HYB	F1HYB-008	rep_4	0.4983
F1HYB	F1HYB-009	rep_4	0.5232
F1HYB	F1HYB-010	rep_4	0.4770
F1HYB	F1HYB-011	rep_4	0.5305
F1HYB	F1HYB-012	rep_4	0.4464
F1HYB	F1HYB-013	rep_4	0.4779
F1HYB	F1HYB-014	rep_4	0.5291
F1HYB	F1HYB-015	rep_4	0.5240
F1HYB	F1HYB-016	rep_4	0.4800
F1HYB	F1HYB-017	rep_4	0.5074
F1HYB	F1HYB-018	rep_4	0.5236
F1HYB	F1HYB-019	rep_4	0.4885
F1HYB	F1HYB-020	rep_4	0.5320
pop1-HH1013a	pop1-HH1013a-003	rep_4	0.0011
pop1-HH1013a	pop1-HH1013a-009	rep_4	0.0026
pop1-HH1013a	pop1-HH1013a-010	rep_4	0.0019
pop1-HH1013a	pop1-HH1013a-017	rep_4	0.0007
pop1-HH1013s	pop1-HH1013s-002	rep_4	0.0003
pop1-HH1013s	pop1-HH1013s-003	rep_4	0.0002
pop1-HH1013s	pop1-HH1013s-004	rep_4	0.0005
pop1-HH1013s	pop1-HH1013s-005	rep_4	0.0081
pop1-HH1013s	pop1-HH1013s-006	rep_4	0.0004
pop1-HH1013s	pop1-HH1013s-007	rep_4	0.0010
pop1-HH1013s	pop1-HH1013s-009	rep_4	0.0016
pop1-HH1013s	pop1-HH1013s-010	rep_4	0.0008
pop1-HH1013s	pop1-HH1013s-013	rep_4	0.0046
pop1-HH1013s	pop1-HH1013s-014	rep_4	0.0006
pop1-HH1013s	pop1-HH1013s-016	rep_4	0.0007
pop1-HH1013s	pop1-HH1013s-018	rep_4	0.0004
pop1-HH1013s	pop1-HH1013s-019	rep_4	0.0012
pop1-HH1013s	pop1-HH1013s-020	rep_4	0.0002
pop1-HH1013s	pop1-HH1013s-021	rep_4	0.0009
pop1-HH1013s	pop1-HH1013s-022	rep_4	0.0009
pop1-HH1013s	pop1-HH1013s-024	rep_4	0.0004
pop1-HH1013s	pop1-HH1013s-028	rep_4	0.0009
pop1-HH1013s	pop1-HH1013s-029	rep_4	0.0003
pop1-HH1013s	pop1-HH1013s-030	rep_4	0.0003
pop1-HH1013s	pop1-HH1013s-031	rep_4	0.0007
pop1-HH1013s	pop1-HH1013s-033	rep_4	0.0009
pop1-HRP22	pop1-HRP22-001	rep_4	0.0030
pop1-HRP22	pop1-HRP22-002	rep_4	0.0008
pop1-HRP22	pop1-HRP22-003	rep_4	0.0007
pop1-HRP22	pop1-HRP22-004	rep_4	0.0006
pop1-HRP22	pop1-HRP22-005	rep_4	0.0008
pop1-HRP22	pop1-HRP22-006	rep_4	0.0041
pop1-HRP22	pop1-HRP22-007	rep_4	0.0004
pop1-HRP22	pop1-HRP22-008	rep_4	0.0015
pop1-HRP22	pop1-HRP22-009	rep_4	0.0004
pop1-HRP22	pop1-HRP22-010	rep_4	0.0006
pop1-HRP22	pop1-HRP22-011	rep_4	0.0003
pop1-HRP22	pop1-HRP22-012	rep_4	0.0020
pop1-HRP22	pop1-HRP22-013	rep_4	0.0014
pop1-HRP22	pop1-HRP22-014	rep_4	0.0006
pop1-HRP22	pop1-HRP22-016	rep_4	0.0008
pop1-HRP22	pop1-HRP22-017	rep_4	0.0005
pop1-HRP22	pop1-HRP22-018	rep_4	0.0006
pop1-HRP22	pop1-HRP22-019	rep_4	0.0006
pop1-HRP22	pop1-HRP22-020	rep_4	0.0010
pop1-HRP22	pop1-HRP22-021	rep_4	0.0009
pop1-HRP22	pop1-HRP22-022	rep_4	0.0006
pop1-HRP22	pop1-HRP22-023	rep_4	0.0009
pop1-HRP22	pop1-HRP22-024	rep_4	0.0032
pop1-HRP22	pop1-HRP22-026	rep_4	0.0003
pop2-Cv5786	pop2-Cv5786-01	rep_4	0.7966
pop2-Cv5786	pop2-Cv5786-02	rep_4	0.9998
pop2-Cv5786	pop2-Cv5786-03	rep_4	0.8635
pop2-Cv5786	pop2-Cv5786-04	rep_4	0.9925
pop2-Cv5786	pop2-Cv5786-05	rep_4	0.9998
pop2-Cv5786	pop2-Cv5786-06	rep_4	0.9998
pop2-Cv5786	pop2-Cv5786-07	rep_4	0.7940
pop2-Cv5786	pop2-Cv5786-08	rep_4	0.8024
pop2-Cv5786	pop2-Cv5786-09	rep_4	0.9093
pop2-Cv5786	pop2-Cv5786-10	rep_4	0.9993
pop2-Cv5786	pop2-Cv5786-11	rep_4	0.9788
pop2-Cv5786	pop2-Cv5786-12	rep_4	0.9942
pop2-Cv5786	pop2-Cv5786-13	rep_4	0.9997
pop2-Cv5786	pop2-Cv5786-14	rep_4	0.9998
pop2-Cv5786	pop2-Cv5786-15	rep_4	0.8056
pop2-Cv5786	pop2-Cv5786-16	rep_4	0.9997
pop2-Cv5786	pop2-Cv5786-17	rep_4	0.7182
pop2-Cv5786	pop2-Cv5786-18	rep_4	0.9979
pop2-Cv5786	pop2-Cv5786-19	rep_4	0.9981
pop2-Cv5786	pop2-Cv5786-20	rep_4	0.9977
pop2-Cv5786	pop2-Cv5786-21	rep_4	0.8614
pop2-Cv5786	pop2-Cv5786-22	rep_4	0.9818
pop2-Cv5786	pop2-Cv5786-23	rep_4	0.8721
pop2-Cv5786	pop2-Cv5786-24	rep_4	0.9998
pop2-Cv5786	pop2-Cv5786-25	rep_4	0.9997
pop2-Cv5786	pop2-Cv5786-26	rep_4	0.9992
pop2-Cv5786	pop2-Cv5786-27	rep_4	0.9762
pop2-Cv5786	pop2-Cv5786-28	rep_4	0.9992
pop2-Cv5786	pop2-Cv5786-29	rep_4	0.9995
pop2-Cv5786	pop2-Cv5786-30	rep_4	0.9095
pop2-FI1012	pop2-FI1012-001	rep_4	0.9998
pop2-FI1012	pop2-FI1012-002	rep_4	0.9997
pop2-FI1012	pop2-FI1012-003	rep_4	0.9998
pop2-FI1012	pop2-FI1012-004	rep_4	0.9999
pop2-FI1012	pop2-FI1012-005	rep_4	0.9997
pop2-FI1012	pop2-FI1012-006	rep_4	0.9985
pop2-FI1012	pop2-FI1012-007	rep_4	0.9994
pop2-FI1012	pop2-FI1012-008	rep_4	0.9981
pop2-FI1012	pop2-FI1012-009	rep_4	0.9998
pop2-FI1012	pop2-FI1012-010	rep_4	0.9998
pop2-FI1012	pop2-FI1012-011	rep_4	0.9998
pop2-FI1012	pop2-FI1012-012	rep_4	0.9998
pop2-FI1012	pop2-FI1012-013	rep_4	0.9997
pop2-FI1012	pop2-FI1012-014	rep_4	0.9994
pop2-FI1012	pop2-FI1012-015	rep_4	0.9998
pop2-FI1012	pop2-FI1012-016	rep_4	0.9999
pop2-FI1012	pop2-FI1012-017	rep_4	0.9993
pop2-FI1012	pop2-FI1012-019	rep_4	0.9998
pop2-FI1012	pop2-FI1012-020	rep_4	0.9997
pop2-FI1012	pop2-FI1012-021	rep_4	0.9999
pop2-FIS1013a	pop2-FIS1013a-001	rep_4	0.9998
pop2-FIS1013a	pop2-FIS1013a-002	rep_4	0.9995
pop2-FIS1013a	pop2-FIS1013a-003	rep_4	0.9938
pop2-FIS1013a	pop2-FIS1013a-004	rep_4	0.9607
pop2-FIS1013a	pop2-FIS1013a-005	rep_4	0.9995
pop2-FIS1013a	pop2-FIS1013a-006	rep_4	0.9998
pop2-FIS1013a	pop2-FIS1013a-007	rep_4	0.9998
pop2-FIS1013a	pop2-FIS1013a-008	rep_4	0.9997
pop2-FIS1013a	pop2-FIS1013a-009	rep_4	0.9981
pop2-FIS1013a	pop2-FIS1013a-010	rep_4	0.9997
pop2-FIS1013a	pop2-FIS1013a-011	rep_4	0.9995
pop2-FIS1013a	pop2-FIS1013a-012	rep_4	0.9983
pop2-FIS1013a	pop2-FIS1013a-013	rep_4	0.9129
pop2-FIS1013a	pop2-FIS1013a-014	rep_4	0.9522
pop2-FIS1013a	pop2-FIS1013a-015	rep_4	0.9997
pop2-FIS1013a	pop2-FIS1013a-016	rep_4	0.9998
pop2-FIS1013a	pop2-FIS1013a-017	rep_4	0.9992
pop2-FIS1013a	pop2-FIS1013a-018	rep_4	0.9998
pop2-FIS1013a	pop2-FIS1013a-019	rep_4	0.9999
pop2-FIS1013a	pop2-FIS1013a-020	rep_4	0.9997
pop2-FIS1013a	pop2-FIS1013a-021	rep_4	0.8271
pop2-FIS1013a	pop2-FIS1013a-022	rep_4	0.9990
pop2-FIS1013a	pop2-FIS1013a-023	rep_4	0.9999
pop2-FIS1013a	pop2-FIS1013a-024	rep_4	0.9824
pop2-FIS1013a	pop2-FIS1013a-025	rep_4	0.9899
pop2-FIS1013a	pop2-FIS1013a-026	rep_4	0.9966
pop2-FIS1013a	pop2-FIS1013a-027	rep_4	0.9991
pop2-FIS1013a	pop2-FIS1013a-028	rep_4	0.9998
pop2-FIS1013a	pop2-FIS1013a-029	rep_4	0.9993
pop2-FIS1013a	pop2-FIS1013a-030	rep_4	0.9995
pop2-KRB16	pop2-KRB16-001	rep_4	0.9998
pop2-KRB16	pop2-KRB16-002	rep_4	0.9999
pop2-KRB16	pop2-KRB16-003	rep_4	0.9996
pop2-KRB16	pop2-KRB16-004	rep_4	0.9992
pop2-KRB16	pop2-KRB16-005	rep_4	0.9998
pop2-KRB16	pop2-KRB16-006	rep_4	0.9999
pop2-KRB16	pop2-KRB16-007	rep_4	0.9997
pop2-KRB16	pop2-KRB16-008	rep_4	0.9998
pop2-KRB16	pop2-KRB16-009	rep_4	0.9999
pop2-KRB16	pop2-KRB16-010	rep_4	0.9999
pop2-KRB16	pop2-KRB16-011	rep_4	0.9999
pop2-KRB16	pop2-KRB16-012	rep_4	0.9999
pop2-KRB16	pop2-KRB16-013	rep_4	0.9994
pop2-KRB16	pop2-KRB16-014	rep_4	0.9998
pop2-KRB16	pop2-KRB16-015	rep_4	0.9997
pop2-KRB16	pop2-KRB16-016	rep_4	0.9997
pop2-KRB16	pop2-KRB16-017	rep_4	0.9995
pop2-KRB16	pop2-KRB16-018	rep_4	0.9998
pop2-KRB16	pop2-KRB16-019	rep_4	0.9995
pop2-KRB16	pop2-KRB16-020	rep_4	0.9999
pop2-KRB16	pop2-KRB16-021	rep_4	0.9999
pop2-KRB16	pop2-KRB16-022	rep_4	0.9999
pop2-KRB16	pop2-KRB16-023	rep_4	0.9998
pop2-KRB16	pop2-KRB16-024	rep_4	0.9985
pop2-KRB16	pop2-KRB16-025	rep_4	0.9999
pop2-KRB16	pop2-KRB16-026	rep_4	0.9999
pop2-KRB16	pop2-KRB16-027	rep_4	0.9999
pop2-KRB16	pop2-KRB16-028	rep_4	0.9999
pop2-KRB16	pop2-KRB16-029	rep_4	0.9997
pop2-KRB16	pop2-KRB16-030	rep_4	0.9997
pop2-KRP13	pop2-KRP13-001	rep_4	0.9998
pop2-KRP13	pop2-KRP13-002	rep_4	0.9998
pop2-KRP13	pop2-KRP13-003	rep_4	0.9998
pop2-KRP13	pop2-KRP13-004	rep_4	0.9999
pop2-KRP13	pop2-KRP13-005	rep_4	0.9985
pop2-KRP13	pop2-KRP13-006	rep_4	0.9997
pop2-KRP13	pop2-KRP13-007	rep_4	0.9996
pop2-KRP13	pop2-KRP13-008	rep_4	0.9991
pop2-KRP13	pop2-KRP13-009	rep_4	0.9995
pop2-KRP13	pop2-KRP13-010	rep_4	0.9996
pop2-KRP13	pop2-KRP13-011	rep_4	0.9998
pop2-KRP13	pop2-KRP13-012	rep_4	0.9997
pop2-KRP13	pop2-KRP13-013	rep_4	0.9998
pop2-KRP13	pop2-KRP13-014	rep_4	0.9990
pop2-KRP13	pop2-KRP13-015	rep_4	0.9998
pop2-KRP13	pop2-KRP13-016	rep_4	0.9995
pop2-KRP13	pop2-KRP13-017	rep_4	0.9928
pop2-KRP13	pop2-KRP13-018	rep_4	0.9946
pop2-KRP13	pop2-KRP13-019	rep_4	0.9995
pop2-KRP13	pop2-KRP13-020	rep_4	0.9999
pop2-KRP13	pop2-KRP13-021	rep_4	0.9998
pop2-KRP13	pop2-KRP13-022	rep_4	0.9997
pop2-KRP13	pop2-KRP13-023	rep_4	0.9999
pop2-KRP13	pop2-KRP13-024	rep_4	0.9998
pop2-KRP13	pop2-KRP13-025	rep_4	0.9993
pop2-KRP13	pop2-KRP13-026	rep_4	0.9999
pop2-KRP13	pop2-KRP13-027	rep_4	0.9998
pop2-KRP13	pop2-KRP13-028	rep_4	0.9995
pop2-KRP13	pop2-KRP13-029	rep_4	0.9997
pop2-KRP13	pop2-KRP13-030	rep_4	0.9997
pop2-NEH1	pop2-NEH1-10	rep_4	0.9984
pop2-NEH1	pop2-NEH1-11	rep_4	0.9985
pop2-NEH1	pop2-NEH1-12	rep_4	0.9995
pop2-NEH1	pop2-NEH1-13	rep_4	0.7910
pop2-NEH1	pop2-NEH1-14	rep_4	0.8615
pop2-NEH1	pop2-NEH1-15	rep_4	0.9991
pop2-NEH1	pop2-NEH1-16	rep_4	0.9978
pop2-NEH1	pop2-NEH1-17	rep_4	0.9996
pop2-NEH1	pop2-NEH1-19	rep_4	0.8073
pop2-NEH1	pop2-NEH1-1	rep_4	0.9998
pop2-NEH1	pop2-NEH1-20	rep_4	0.8701
pop2-NEH1	pop2-NEH1-21	rep_4	0.8519
pop2-NEH1	pop2-NEH1-22	rep_4	0.8455
pop2-NEH1	pop2-NEH1-23	rep_4	0.7689
pop2-NEH1	pop2-NEH1-24	rep_4	0.9988
pop2-NEH1	pop2-NEH1-25	rep_4	0.8478
pop2-NEH1	pop2-NEH1-26	rep_4	0.8648
pop2-NEH1	pop2-NEH1-28	rep_4	0.9997
pop2-NEH1	pop2-NEH1-29	rep_4	0.9929
pop2-NEH1	pop2-NEH1-2	rep_4	0.9996
pop2-NEH1	pop2-NEH1-30	rep_4	0.8918
pop2-NEH1	pop2-NEH1-31	rep_4	0.9608
pop2-NEH1	pop2-NEH1-32	rep_4	0.9975
pop2-NEH1	pop2-NEH1-33	rep_4	0.9009
pop2-NEH1	pop2-NEH1-34	rep_4	0.9946
pop2-NEH1	pop2-NEH1-35	rep_4	0.8716
pop2-NEH1	pop2-NEH1-3	rep_4	0.7243
pop2-NEH1	pop2-NEH1-4	rep_4	0.9998
pop2-NEH1	pop2-NEH1-5	rep_4	0.9364
pop2-NEH1	pop2-NEH1-6	rep_4	0.9994
pop2-NEH1	pop2-NEH1-7	rep_4	0.9152
pop2-NEH1	pop2-NEH1-8	rep_4	0.9875
pop2-NEH2	pop2-NEH2-10	rep_4	0.9756
pop2-NEH2	pop2-NEH2-11	rep_4	0.9998
pop2-NEH2	pop2-NEH2-12	rep_4	0.9979
pop2-NEH2	pop2-NEH2-13	rep_4	0.9996
pop2-NEH2	pop2-NEH2-14	rep_4	0.9732
pop2-NEH2	pop2-NEH2-15	rep_4	0.9997
pop2-NEH2	pop2-NEH2-16	rep_4	0.9980
pop2-NEH2	pop2-NEH2-17	rep_4	0.9922
pop2-NEH2	pop2-NEH2-18	rep_4	0.9995
pop2-NEH2	pop2-NEH2-19	rep_4	0.9772
pop2-NEH2	pop2-NEH2-1	rep_4	0.9994
pop2-NEH2	pop2-NEH2-20	rep_4	0.7629
pop2-NEH2	pop2-NEH2-21	rep_4	0.9399
pop2-NEH2	pop2-NEH2-22	rep_4	0.9997
pop2-NEH2	pop2-NEH2-23	rep_4	0.9998
pop2-NEH2	pop2-NEH2-24	rep_4	0.9960
pop2-NEH2	pop2-NEH2-25	rep_4	0.9996
pop2-NEH2	pop2-NEH2-26	rep_4	0.9979
pop2-NEH2	pop2-NEH2-27	rep_4	0.9997
pop2-NEH2	pop2-NEH2-28	rep_4	0.9741
pop2-NEH2	pop2-NEH2-29	rep_4	0.9903
pop2-NEH2	pop2-NEH2-2	rep_4	0.9613
pop2-NEH2	pop2-NEH2-30	rep_4	0.9992
pop2-NEH2	pop2-NEH2-31	rep_4	0.9994
pop2-NEH2	pop2-NEH2-32	rep_4	0.9998
pop2-NEH2	pop2-NEH2-3	rep_4	0.9985
pop2-NEH2	pop2-NEH2-4	rep_4	0.9604
pop2-NEH2	pop2-NEH2-5	rep_4	0.9384
pop2-NEH2	pop2-NEH2-6	rep_4	0.9257
pop2-NEH2	pop2-NEH2-7	rep_4	0.9046
pop2-NEH2	pop2-NEH2-8	rep_4	0.9992
pop2-NEH2	pop2-NEH2-9	rep_4	0.9976
pop2-UMFS	pop2-UMFS-10	rep_4	0.7711
pop2-UMFS	pop2-UMFS-11	rep_4	0.6078
pop2-UMFS	pop2-UMFS-13	rep_4	0.9231
pop2-UMFS	pop2-UMFS-14	rep_4	0.8384
pop2-UMFS	pop2-UMFS-15	rep_4	0.8377
pop2-UMFS	pop2-UMFS-16	rep_4	0.8006
pop2-UMFS	pop2-UMFS-19	rep_4	0.8650
pop2-UMFS	pop2-UMFS-1	rep_4	0.8273
pop2-UMFS	pop2-UMFS-20	rep_4	0.5958
pop2-UMFS	pop2-UMFS-21	rep_4	0.8273
pop2-UMFS	pop2-UMFS-22	rep_4	0.6873
pop2-UMFS	pop2-UMFS-23	rep_4	0.7294
pop2-UMFS	pop2-UMFS-24	rep_4	0.6235
pop2-UMFS	pop2-UMFS-25	rep_4	0.8130
pop2-UMFS	pop2-UMFS-26	rep_4	0.6557
pop2-UMFS	pop2-UMFS-2	rep_4	0.6638
pop2-UMFS	pop2-UMFS-31	rep_4	0.6087
pop2-UMFS	pop2-UMFS-32	rep_4	0.7828
pop2-UMFS	pop2-UMFS-33	rep_4	0.8747
pop2-UMFS	pop2-UMFS-34	rep_4	0.6550
pop2-UMFS	pop2-UMFS-35	rep_4	0.8292
pop2-UMFS	pop2-UMFS-36	rep_4	0.9268
pop2-UMFS	pop2-UMFS-37	rep_4	0.9375
pop2-UMFS	pop2-UMFS-38	rep_4	0.7865
pop2-UMFS	pop2-UMFS-3	rep_4	0.9024
pop2-UMFS	pop2-UMFS-4	rep_4	0.8571
pop2-UMFS	pop2-UMFS-5	rep_4	0.7261
pop2-UMFS	pop2-UMFS-6	rep_4	0.7955
pop2-UMFS	pop2-UMFS-7	rep_4	0.8182
pop2-UMFS	pop2-UMFS-8	rep_4	0.7960
WildUnadmixed	WildUnadmixed-001	rep_4	0.0003
WildUnadmixed	WildUnadmixed-002	rep_4	0.0008
WildUnadmixed	WildUnadmixed-003	rep_4	0.0005
WildUnadmixed	WildUnadmixed-004	rep_4	0.0004
WildUnadmixed	WildUnadmixed-005	rep_4	0.0010
WildUnadmixed	WildUnadmixed-006	rep_4	0.0007
WildUnadmixed	WildUnadmixed-007	rep_4	0.0007
WildUnadmixed	WildUnadmixed-008	rep_4	0.0019
WildUnadmixed	WildUnadmixed-009	rep_4	0.0004
WildUnadmixed	WildUnadmixed-010	rep_4	0.0007
WildUnadmixed	WildUnadmixed-011	rep_4	0.0010
WildUnadmixed	WildUnadmixed-012	rep_4	0.0007
WildUnadmixed	WildUnadmixed-013	rep_4	0.0013
WildUnadmixed	WildUnadmixed-014	rep_4	0.0012
WildUnadmixed	WildUnadmixed-015	rep_4	0.0035
WildUnadmixed	WildUnadmixed-016	rep_4	0.0006
WildUnadmixed	WildUnadmixed-017	rep_4	0.0006
WildUnadmixed	WildUnadmixed-018	rep_4	0.0003
WildUnadmixed	WildUnadmixed-019	rep_4	0.0005
WildUnadmixed	WildUnadmixed-020	rep_4	0.0004
